   	metacyc_id                  	bigg_id    	comp	seed_id 	kegg_id_from_iML1515                      	metacyc_id_from_iML1515              	iML1515   	iYO844     	iAF692   	iSMU  	metacyc_from_bigg                                  	metacyc_from_seed
0  	10-FORMYL-THF               	10fthf     	c   	cpd00201	C00234                                    	10-FORMYL-THF                        	-0.000223 	-0.000367  	         	      	10-FORMYL-THF                                      	CPD-1771
1  	                            	2fe2s      	c   	cpd24604	                                          	                                     	-2.6e-05  	           	         	      	Elemental-Sulfur
2  	2-OCTAPRENYL-6-HYDROXYPHENOL	2ohph      	c   	cpd03445	C05811                                    	2-OCTAPRENYL-6-HYDROXYPHENOL         	-0.000223 	           	         	      	2-OCTAPRENYL-6-HYDROXYPHENOL                       	2-OCTAPRENYL-6-HYDROXYPHENOL
3  	                            	3hdpgpe    	c   	cpd15817	                                          	                                     	          	           	-0.002698
4  	                            	3hdpgpg    	c   	cpd15818	                                          	                                     	          	           	-0.01012
5  	CPD-19667                   	3hdpgpi    	c   	cpd15819	                                          	                                     	          	           	-0.01349 	      	CPD-19667                                          	CPD-19667
6  	                            	3hdpgps    	c   	cpd15820	                                          	                                     	          	           	-0.01147
7  	CPD-7                       	4fe4s      	c   	cpd24682	                                          	CPD-7                                	-0.00026  	           	         	      	                                                   	CPD-7
8  	ACETYL-COA                  	accoa      	c   	cpd00022	                                          	                                     	          	           	-5e-05   	      	ACETYL-COA                                         	ACETYL-COA
9  	                            	adocblhbi  	c   	cpd15834	                                          	                                     	          	           	-0.00474
10 	ADP                         	adp        	c   	cpd00008	C00008                                    	ADPCPD0-1651                         	75.37723  	104.997414 	29.998   	28.242	ADP                                                	ADP
11 	ADP                         	adp        	c   	cpd00008	C00008                                    	ADPCPD0-1651                         	75.37723  	104.997414 	29.998   	28.242	ADP                                                	ADP
12 	L-ALPHA-ALANINE             	ala__L     	c   	cpd00035	C00041C01401                              	L-ALPHA-ALANINE                      	-0.513689 	-0.266902  	-0.5621  	0.181 	                                                   	L-ALPHA-ALANINE
13 	S-ADENOSYLMETHIONINE        	amet       	c   	cpd00017	C00019                                    	S-ADENOSYLMETHIONINE                 	-0.000223 	           	         	1e-05 	S-ADENOSYLMETHIONINE                               	S-ADENOSYLMETHIONINE
14 	AMP                         	amp        	c   	cpd00018	                                          	                                     	          	-0.00467   	-0.001   	      	AMP                                                	AMP
15 	ARG                         	arg__L     	c   	cpd00051	C00062C02385                              	ARG                                  	-0.295792 	-0.193021  	-0.3237  	0.095 	ARG                                                	ARG
16 	ASN                         	asn__L     	c   	cpd00132	C00152C16438                              	ASN                                  	-0.241055 	-0.147987  	-0.2638  	0.118 	ASN                                                	ASN
17 	L-ASPARTATE                 	asp__L     	c   	cpd00041	C00049C16433                              	L-ASPARTATE                          	-0.241055 	-0.148014  	-0.2638  	0.137 	                                                   	L-ASPARTATE
18 	ATP                         	atp        	c   	cpd00002	C00002                                    	ATPCPD0-1634                         	-75.55223 	-105.053483	-30.1846 	28.329	ATP                                                	ATP
19 	ATP                         	atp        	c   	cpd00002	C00002                                    	ATPCPD0-1634                         	-75.55223 	-105.053483	-30.1846 	28.329	ATP                                                	ATP
21 	BIOTIN                      	btn        	c   	cpd00104	C00120                                    	BIOTIN                               	-2e-06    	           	         	      	BIOTIN                                             	BIOTIN
22 	CA+2                        	ca2        	c   	cpd00063	C00076C08130C12277C13140C13189C17392C18381	                                     	-0.005205 	-0.003205  	         	      	CA+2                                               	CA+2
23 	                            	cdlp_BS    	c   	cpd11426	                                          	                                     	          	-5e-06
24 	CDP                         	cdp        	c   	cpd00096	                                          	                                     	          	-0.000251  	         	      	CDP                                                	CDP
25 	CL-                         	cl         	c   	cpd00099	C00698C01327                              	CL-HCL                               	-0.005205 	           	         	      	['HCL', 'CL-']                                     	['CL-', 'HCL']
26 	CMP                         	cmp        	c   	cpd00046	                                          	                                     	          	-0.001042  	         	      	CMP                                                	CMP
27 	CO-A                        	coa        	c   	cpd00010	C00010                                    	CO-ACOA-GROUP                        	-0.000576 	           	-6e-06   	      	CO-A                                               	CO-A
28 	CPD-1281                    	cob        	c   	cpd02817	                                          	                                     	          	           	-0.0005  	      	CPD-1281                                           	CPD-1281
29 	CO+2                        	cobalt2    	c   	cpd00149	C00175                                    	                                     	-2.5e-05  	           	         	      	CO+2                                               	CO+2
30 	CoM                         	com        	c   	cpd02246	                                          	                                     	          	           	-0.02056 	      	CoM                                                	CoM
31 	CTP                         	ctp        	c   	cpd00052	C00063                                    	CTP                                  	-0.133508 	-0.038902  	-0.1379  	0.047 	CTP                                                	CTP
32 	CU+2                        	cu2        	c   	cpd00058	C00070                                    	                                     	-0.000709 	           	         	      	['Oxidized-Azurins', 'CU+2']                       	['CU+2', 'Oxidized-Azurins']
33 	CYS                         	cys__L     	c   	cpd00084	C00097C00736                              	CYS                                  	-0.09158  	-0.05699   	-0.1002  	0.014 	CYS                                                	CYS
34 	                            	d12dg_BS   	c   	cpd11428	                                          	                                     	          	-0.00011
35 	DATP                        	datp       	c   	cpd00115	C00131                                    	DATP                                 	-0.026166 	-0.022982  	-0.03312 	      	DATP                                               	DATP
36 	DCTP                        	dctp       	c   	cpd00356	C00458                                    	DCTP                                 	-0.027017 	-0.01738   	-0.02153 	      	DCTP                                               	DCTP
37 	DGTP                        	dgtp       	c   	cpd00241	C00286                                    	DGTP                                 	-0.027017 	-0.017398  	-0.02153 	      	DGTP                                               	DGTP
38 	CPD-15258                   	dpgpe      	c   	cpd15858	                                          	                                     	          	           	-0.000674	      	CPD-15258                                          	CPD-15258
39 	CPD-17766                   	dpgpg      	c   	cpd15859	                                          	                                     	          	           	-0.000674	      	CPD-17766                                          	CPD-17766
40 	                            	dpgpi      	c   	cpd15860	                                          	                                     	          	           	-0.002698
41 	CPD-15257                   	dpgps      	c   	cpd15861	                                          	                                     	          	           	-0.001349	      	CPD-15257                                          	CPD-15257
42 	TTP                         	dttp       	c   	cpd00357	C00459                                    	TTP                                  	-0.026166 	-0.022899  	-0.03312 	      	TTP                                                	TTP
43 	CPD-10017                   	f390a      	c   	cpd15862	                                          	                                     	          	           	-5e-06   	      	CPD-10017                                          	CPD-10017
44 	CPD-19661                   	f390g      	c   	cpd15863	                                          	                                     	          	           	-5e-06   	      	CPD-19661                                          	CPD-19661
45 	                            	f420_2     	c   	cpd00649	                                          	                                     	          	           	-4.3e-05 	      	                                                   	OX-COENZYME-F420
46 	                            	f420_3     	c   	cpd15868	                                          	                                     	          	           	-2.6e-05
47 	                            	f420_4     	c   	cpd15869	                                          	                                     	          	           	-0.000374
48 	                            	f420_5     	c   	cpd15870	                                          	                                     	          	           	-0.000299
49 	                            	f420_6     	c   	cpd15871	                                          	                                     	          	           	-1.1e-05
50 	                            	f420_7     	c   	cpd15872	                                          	                                     	          	           	-1e-06
51 	                            	f430       	c   	        	                                          	                                     	          	           	-0.002
52 	FAD                         	fad        	c   	cpd00015	C00016                                    	FAD                                  	-0.000223 	           	         	1e-05 	                                                   	['Ox-FAD-Flavoproteins', 'FAD']
53 	                            	fe2        	c   	cpd10515	C14818                                    	                                     	-0.006715 	           	         	      	FE+2                                               	FE+2
54 	                            	fe3        	c   	cpd10516	C14819                                    	                                     	-0.007808 	-0.00345   	         	      	FE+3                                               	FE+3
55 	                            	gdp        	c   	cpd00031	                                          	                                     	          	-0.00018   	         	4.86  	GDP                                                	GDP
56 	                            	gdpgpi     	c   	cpd15880	                                          	                                     	          	           	-0.01619
57 	GLN                         	gln__L     	c   	cpd00053	C00064C00303                              	GLN                                  	-0.26316  	-0.260335  	-0.288   	0.099 	GLN                                                	GLN
58 	GLT                         	glu__L     	c   	cpd00023	C00025C00302                              	GLTGlutamates                        	-0.26316  	-0.260378  	-0.288   	0.155 	                                                   	GLT
59 	GLY                         	gly        	c   	cpd00033	C00037                                    	GLY                                  	-0.612638 	-0.408288  	-0.6704  	0.152 	GLY                                                	GLY
60 	                            	glycogen   	c   	cpd00155	                                          	                                     	          	           	-0.01543
61 	GMP                         	gmp        	c   	cpd00126	                                          	                                     	          	-0.000503  	         	      	GMP                                                	GMP
62 	                            	gtca1_45_BS	c   	cpd15667	                                          	                                     	          	-0.003624
63 	                            	gtca2_45_BS	c   	cpd15668	                                          	                                     	          	-0.002347
64 	                            	gtca3_45_BS	c   	cpd15669	                                          	                                     	          	-0.001819
65 	GTP                         	gtp        	c   	cpd00038	C00044                                    	GTP                                  	-0.215096 	-0.062667  	-0.2222  	4.918 	GTP                                                	GTP
66 	PROTON                      	h          	c   	cpd00067	C00080                                    	PROTON                               	75.37723  	105.0      	29.99755 	33.1  	['OXONIUM', 'PROTON']                              	['OXONIUM', 'PROTON']
67 	WATER                       	h2o        	c   	cpd00001	C00001C01328C18714                        	CPD-15815HYDROXYL-GROUPOHOXONIUMWATER	-70.028756	-105.0     	-30.0    	33.129	WATER                                              	WATER
68 	CPD-8                       	h4spt      	c   	cpd15884	                                          	                                     	          	           	-0.02362 	      	CPD-8                                              	CPD-8
69 	HIS                         	his__L     	c   	cpd00119	C00135C00768                              	HIS                                  	-0.094738 	-0.081739  	-0.1037  	0.048 	HIS                                                	HIS
70 	CPD-1821                    	hspmd      	c   	cpd03802	                                          	                                     	          	           	-0.0047  	      	CPD-1821                                           	CPD-1821
71 	ILE                         	ile__L     	c   	cpd00322	C00407                                    	ILE                                  	-0.290529 	-0.269905  	-0.3179  	0.188 	                                                   	ILE
72 	K+                          	k          	c   	cpd00205	C00238C12568                              	KCL                                  	-0.195193 	-0.706312  	         	      	K+                                                 	K+
74 	KDO2-LIPID-IVA              	kdo2lipid4 	e   	cpd03586	C06025                                    	KDO2-LIPID-IVA                       	-0.019456 	           	         	      	KDO2-LIPID-IVA                                     	KDO2-LIPID-IVA
75 	LEU                         	leu__L     	c   	cpd00107	C00123C16439                              	LEU                                  	-0.450531 	-0.346445  	-0.493   	0.246 	LEU                                                	LEU
76 	                            	lipo1_24_BS	c   	cpd11445	                                          	                                     	          	-7e-06
77 	                            	lipo2_24_BS	c   	cpd11446	                                          	                                     	          	-6e-06
78 	                            	lipo3_24_BS	c   	cpd11447	                                          	                                     	          	-1.8e-05
79 	                            	lipo4_24_BS	c   	cpd11448	                                          	                                     	          	-1.5e-05
80 	LYS                         	lys__L     	c   	cpd00039	C00047C16440                              	LYS                                  	-0.343161 	-0.323093  	-0.3755  	0.18  	LYS                                                	LYS
81 	MET                         	met__L     	c   	cpd00060	C00073C01733                              	MET                                  	-0.153686 	-0.113326  	-0.1682  	0.051 	MET                                                	MET
82 	MG+2                        	mg2        	c   	cpd00254	C00305C07755C07876C12567                  	                                     	-0.008675 	-0.101714  	         	      	MG+2                                               	MG+2
83 	METHYLENE-THF               	mlthf      	c   	cpd00125	C00143                                    	METHYLENE-THF                        	-0.000223 	           	         	      	METHYLENE-THF                                      	METHYLENE-THF
84 	MN+2                        	mn2        	c   	cpd00030	C19610                                    	                                     	-0.000691 	           	         	      	MN+2                                               	MN+2
85 	CPD-3                       	mobd       	c   	cpd11574	C06232C15455                              	CPD-3                                	-7e-06    	           	         	      	                                                   	CPD-3
86 	                            	mql7       	c   	cpd11451	                                          	                                     	          	-0.000266  	         	      	CPD-12125                                          	CPD-9730
88 	CPD0-2278                   	murein5px4p	p   	cpd15514	                                          	CPD0-2278                            	-0.013894 	           	         	      	CPD0-2278                                          	CPD0-2278
89 	NAD                         	nad        	c   	cpd00003	C00003                                    	NAD                                  	-0.001831 	-0.016164  	-0.00215 	0.0002	NAD                                                	NAD
90 	NADH                        	nadh       	c   	cpd00004	                                          	                                     	          	           	-5e-05   	      	NADH                                               	NADH
91 	NADP                        	nadp       	c   	cpd00006	C00006                                    	NADP                                 	-0.000447 	-0.000934  	-0.00013 	0.0002	NADP                                               	NADP
92 	NADPH                       	nadph      	c   	cpd00005	                                          	                                     	          	-0.000216  	-0.0004  	      	NADPH                                              	NADPH
93 	AMMONIUM                    	nh4        	c   	cpd00013	C00014C01342                              	AMMONIAAMMONIUM                      	-0.013013 	           	         	      	['AMMONIUM', 'AMMONIA']                            	['AMMONIA', 'AMMONIUM']
94 	                            	ni2        	c   	cpd20862	C14711C19609                              	                                     	-0.000323 	           	         	      	NI+2
96 	CPD-12819                   	pe160      	p   	cpd15531	                                          	CPD-12819                            	-0.063814 	           	         	      	CPD-12819                                          	CPD-12819
98 	                            	pe161      	p   	cpd29055	                                          	CPD-17086                            	-0.075214
99 	                            	peptido_BS 	c   	cpd15665	                                          	                                     	          	-0.101817
100	                            	pgly_BS    	c   	cpd11453	                                          	                                     	          	-0.000176
101	PHE                         	phe__L     	c   	cpd00066	C00079C02057                              	PHE                                  	-0.185265 	-0.175939  	-0.2027  	0.116 	                                                   	PHE
102	PROTOHEME                   	pheme      	c   	cpd00028	C00032                                    	PROTOHEME                            	-0.000223 	           	         	      	PROTOHEME
103	Pi                          	pi         	c   	cpd00009	C00009C13558                              	CPD-16459CPD-9010PHOSPHATE-GROUPPi   	75.37323  	104.985613 	30.0     	33.1  	['CPD-16459', 'CPD-20124', 'Pi', 'PHOSPHATE-GROUP']	['CPD-16459', 'CPD-20124', 'PHOSPHATE-GROUP', 'Pi']
104	Pi                          	pi         	c   	cpd00009	C00009C13558                              	CPD-16459CPD-9010PHOSPHATE-GROUPPi   	75.37323  	104.985613 	30.0     	33.1  	['CPD-16459', 'PHOSPHATE-GROUP', 'Pi', 'CPD-20124']	['CPD-20124', 'Pi', 'PHOSPHATE-GROUP', 'CPD-16459']
105	PPI                         	ppi        	c   	cpd00012	C00013                                    	PPIPYROPHOSPHATE-GROUP               	0.773903  	-0.000918  	0.799    	      	['PYROPHOSPHATE-GROUP', 'PPI']                     	['PYROPHOSPHATE-GROUP', 'PPI']
106	PRO                         	pro__L     	c   	cpd00129	C00148C16435                              	PRO                                  	-0.221055 	-0.160642  	-0.2419  	0.077 	PRO                                                	PRO
107	                            	psetha_BS  	c   	cpd29688	                                          	                                     	          	-0.00056
108	PUTRESCINE                  	ptrc       	c   	cpd00118	                                          	                                     	          	           	-0.0262  	      	PUTRESCINE                                         	PUTRESCINE
109	PYRIDOXAL_PHOSPHATE         	pydx5p     	c   	cpd00016	C00018                                    	PYRIDOXAL_PHOSPHATE                  	-0.000223 	           	         	      	PYRIDOXAL_PHOSPHATE                                	PYRIDOXAL_PHOSPHATE
110	RIBOFLAVIN                  	ribflv     	c   	cpd00220	C00255                                    	RIBOFLAVIN                           	-0.000223 	           	         	      	RIBOFLAVIN                                         	RIBOFLAVIN
111	SER                         	ser__L     	c   	cpd00054	C00065C00716                              	SERSerines                           	-0.215792 	-0.216213  	-0.2361  	0.153 	SER                                                	SER
112	SIROHEME                    	sheme      	c   	cpd00557	C00748                                    	SIROHEME                             	-0.000223 	           	         	      	SIROHEME                                           	SIROHEME
113	                            	so4        	c   	cpd00048	C00059                                    	HSO4SULFATE                          	-0.004338 	           	         	      	['HSO4', 'SULFATE']                                	['SULFATE', 'HSO4']
114	SUC-COA                     	succoa     	c   	cpd00078	C00091                                    	SUC-COA                              	-9.8e-05  	           	-3e-06   	      	SUC-COA                                            	SUC-COA
115	                            	t12dg_BS   	c   	cpd11458	                                          	                                     	          	-6.6e-05   	         	      	                                                   	diacyl-3-Glc-16-Glc-16-Glc-glycerol
116	                            	tcam_BS    	c   	cpd11459	                                          	                                     	          	-0.003112
117	THF                         	thf        	c   	cpd00087	C00101                                    	THF                                  	-0.000223 	           	-6.1e-05 	1e-05 	THF                                                	THF
118	THIAMINE-PYROPHOSPHATE      	thmpp      	c   	cpd00056	C00068                                    	THIAMINE-PYROPHOSPHATE               	-0.000223 	           	         	1e-05 	THIAMINE-PYROPHOSPHATE                             	THIAMINE-PYROPHOSPHATE
119	THR                         	thr__L     	c   	cpd00161	C00188                                    	THR                                  	-0.253687 	-0.186317  	-0.2776  	0.136 	                                                   	THR
120	TRP                         	trp__L     	c   	cpd00065	C00078C00806                              	TRP                                  	-0.056843 	-0.054336  	-0.0622  	0.021 	TRP
121	TYR                         	tyr__L     	c   	cpd00069	C00082C01536                              	TYR                                  	-0.137896 	-0.110824  	-0.1509  	0.094 	TYR                                                	TYR
123	CPD-9649                    	udcpdp     	c   	cpd25775	                                          	CPD-9649                             	-5.5e-05  	           	         	      	                                                   	CPD-9649
124	UTP                         	utp        	c   	cpd00062	C00075                                    	UTP                                  	-0.144104 	-0.041501  	-0.1489  	0.087 	UTP                                                	UTP
125	VAL                         	val__L     	c   	cpd00156	C00183C16436                              	VAL                                  	-0.423162 	-0.306734  	-0.4631  	0.16  	VAL                                                	VAL
126	ZN+2                        	zn2        	c   	cpd00034	C00038C12570                              	                                     	-0.000341 	           	         	      	ZN+2                                               	ZN+2
