YP_163745.1	gnl|META|ARSA-MONOMER	6.8e-05	31.6	136	44.3	44.9	46.5
YP_163745.1	gnl|META|MONOMER-19495	9.8e-04	37.0	54	40.4	59.3	20.1
YP_163746.1	gnl|META|EG10737-MONOMER	2.8e-21	35.9	181	98.2	51.9	95.3
YP_163747.1	gnl|META|MONOMER-585	2.5e-49	29.5	458	192.6	47.8	98.4
YP_163747.1	gnl|META|MONOMER-18303	2.0e-46	28.8	459	183.0	48.8	97.7
YP_163747.1	gnl|META|MONOMER-12931	1.7e-45	28.7	457	179.9	49.2	97.5
YP_163747.1	gnl|META|HS01727-MONOMER	1.1e-44	28.7	457	177.2	49.0	97.5
YP_163747.1	gnl|META|E3-MONOMER	9.3e-44	28.0	450	174.1	49.1	97.3
YP_163762.1	gnl|META|EG10571-MONOMER	6.8e-07	29.3	75	49.3	61.3	85.1
YP_163763.1	gnl|META|EG11249-MONOMER	1.2e-06	30.9	97	48.9	52.6	85.1
YP_163776.1	gnl|META|ARSA-MONOMER	3.4e-01	41.0	39	32.0	61.5	14.9
YP_163780.1	gnl|META|MONOMER-16654	9.3e-01	44.8	29	30.4	62.1	10.5
YP_163786.1	gnl|META|MONOMER-14068	7.2e-28	30.4	332	120.9	48.5	93.5
YP_163789.1	gnl|META|YBHF-MONOMER	5.5e-29	32.6	221	124.4	55.7	74.3
YP_163789.1	gnl|META|MALK-MONOMER	3.3e-26	34.4	215	115.2	56.3	71.9
YP_163789.1	gnl|META|BSU02750-MONOMER	5.7e-26	32.7	220	114.4	55.9	71.9
YP_163789.1	gnl|META|CYSA-MONOMER	2.2e-25	32.6	215	112.5	54.0	70.8
YP_163798.1	gnl|META|MONOMER-585	7.7e-54	28.8	458	207.6	49.3	97.3
YP_163798.1	gnl|META|G18NG-11595-MONOMER	4.0e-50	28.6	461	195.3	50.1	96.7
YP_163798.1	gnl|META|MONOMER-11687	7.5e-49	28.8	448	191.0	45.3	95.8
YP_163798.1	gnl|META|E3-MONOMER	1.3e-48	29.2	456	190.3	49.6	97.1
YP_163798.1	gnl|META|MONOMER-18551	3.7e-48	28.7	453	188.7	48.8	96.2
YP_163799.1	gnl|META|G12WB-1825-MONOMER	1.6e-06	26.0	127	49.3	44.9	63.5
YP_163801.1	gnl|META|ABC-MONOMER	6.5e-15	32.9	164	77.0	53.7	87.6
YP_163801.1	gnl|META|G12WB-158-MONOMER	3.2e-14	32.2	171	74.7	53.8	89.7
YP_163801.1	gnl|META|MALK-MONOMER	2.1e-13	33.5	167	72.0	52.7	89.2
YP_163802.1	gnl|META|G12WB-159-MONOMER	1.8e-29	33.6	226	125.9	54.9	81.2
YP_163802.1	gnl|META|G12WB-158-MONOMER	1.7e-27	29.6	260	119.4	53.5	93.7
YP_163804.1	gnl|META|YEHW-MONOMER	9.5e-27	42.5	153	117.9	67.3	29.0
YP_163804.1	gnl|META|PROW-MONOMER	1.2e-24	39.9	158	110.9	62.0	29.9
YP_163805.1	gnl|META|YEHX-MONOMER	6.1e-61	48.3	238	230.7	66.8	73.7
YP_163806.1	gnl|META|GLUTATHIONE-REDUCT-NADPH-MONOMER	1.0e-50	31.2	448	197.2	47.3	98.9
YP_163807.1	gnl|META|EG10737-MONOMER	3.6e-16	34.7	147	81.3	56.5	74.7
YP_163810.1	gnl|META|G6110-MONOMER	2.2e-06	51.9	52	47.0	67.3	91.1
YP_534908.1	gnl|META|EG10242-MONOMER	3.3e-37	29.0	352	152.1	52.0	92.9
YP_534910.1	gnl|META|EG10828-MONOMER	2.7e-23	24.4	373	105.9	45.6	97.6
YP_534911.1	gnl|META|EG10424-MONOMER	1.5e-167	42.4	809	585.9	56.5	97.9
YP_534912.1	gnl|META|EG10423-MONOMER	1.3e-198	44.1	844	689.5	61.6	95.2
YP_534914.1	gnl|META|EG10976-MONOMER	2.3e-12	35.7	98	68.6	62.2	51.9
YP_534915.1	gnl|META|EG10917-MONOMER	4.4e-13	53.8	65	69.7	69.2	83.3
YP_534916.1	gnl|META|TSA-REDUCT-MONOMER	2.1e-49	38.1	268	192.2	60.4	93.4
YP_534916.1	gnl|META|G6278-MONOMER	1.9e-45	37.1	267	179.1	59.6	93.0
YP_534917.1	gnl|META|MONOMER-17340	3.0e-18	28.0	332	89.0	47.6	92.9
YP_534917.1	gnl|META|EG11266-MONOMER	8.2e-16	37.5	120	80.9	60.0	35.3
YP_534918.1	gnl|META|MONOMER-15525	1.6e-140	41.7	621	496.1	63.3	95.5
YP_534919.1	gnl|META|EG11180-MONOMER	4.1e-21	49.2	130	97.1	63.1	97.6
YP_534920.1	gnl|META|PYRUVOXID-MONOMER	3.6e-73	30.0	524	272.3	52.5	83.4
YP_534922.1	gnl|META|MONOMER-16146	8.2e-44	29.4	503	174.5	46.9	96.7
YP_534923.1	gnl|META|MONOMER-15487	1.2e-149	61.0	413	525.8	77.2	98.8
YP_534924.1	gnl|META|MONOMER-15488	1.7e-68	52.8	231	255.4	72.7	97.5
YP_534925.1	gnl|META|YCEE-MONOMER	2.0e-93	44.9	385	339.0	67.5	94.6
YP_534929.1	gnl|META|MONOMER-15329	7.0e-01	44.4	36	30.4	55.6	19.4
YP_534932.1	gnl|META|HP0107-MONOMER	1.9e-88	54.7	307	322.0	70.0	99.7
YP_534933.1	gnl|META|HP0106-MONOMER	8.1e-129	58.9	380	456.4	73.9	100.0
YP_534934.1	gnl|META|GLYCDEH-MONOMER	5.5e-26	28.4	317	114.8	47.0	86.2
YP_534934.1	gnl|META|MONOMER-4503	3.0e-24	28.1	366	109.0	44.8	97.8
YP_534935.1	gnl|META|EG12394-MONOMER	6.8e-28	46.0	124	119.8	64.5	86.1
YP_534938.1	gnl|META|EG10613-MONOMER	8.7e-58	30.3	518	221.1	54.6	88.2
YP_534939.1	gnl|META|EG10613-MONOMER	1.7e-61	31.4	532	233.4	51.3	87.9
YP_534940.1	gnl|META|EG11195-MONOMER	1.0e-53	41.2	272	206.5	63.2	99.6
YP_534941.1	gnl|META|CPXR-MONOMER	1.4e-49	45.2	230	192.6	66.5	97.5
YP_534942.1	gnl|META|PHOR-MONOMER	9.1e-37	30.1	346	151.4	50.6	55.6
YP_534945.1	gnl|META|GLYOXII-MONOMER	9.1e-02	27.1	70	33.9	51.4	25.8
YP_534945.1	gnl|META|MONOMER-20861	2.6e-01	29.8	57	32.3	49.1	19.1
YP_534945.1	gnl|META|MONOMER-13014	2.6e-01	29.8	57	32.3	49.1	19.1
YP_534946.1	gnl|META|EG10463-MONOMER	1.2e-35	35.9	320	147.1	55.0	73.3
YP_534946.1	gnl|META|G7682-MONOMER	1.2e-32	34.3	350	137.1	52.0	78.9
YP_534947.1	gnl|META|EG11254-MONOMER	3.2e-18	32.7	159	87.8	54.1	100.0
YP_534948.1	gnl|META|MONOMER-20193	6.4e-06	28.1	146	47.4	47.9	67.0
YP_534950.1	gnl|META|EG12133-MONOMER	3.4e-23	36.1	191	105.1	58.6	66.3
YP_534950.1	gnl|META|MONOMER-13489	1.1e-21	29.7	239	100.1	49.4	84.4
YP_534952.1	gnl|META|GLPT-MONOMER	2.5e-76	37.8	434	282.3	56.0	93.3
YP_534957.1	gnl|META|MONOMER-17076	2.6e-18	25.5	381	89.7	43.8	74.0
YP_534957.1	gnl|META|MONOMER-17076	4.9e-01	41.2	34	32.3	67.6	6.9
YP_534959.1	gnl|META|HS09452-MONOMER	1.7e-29	42.2	192	125.6	53.1	92.3
YP_534960.1	gnl|META|G6645-MONOMER	1.3e-23	33.9	221	106.3	50.7	87.0
YP_534961.1	gnl|META|GLUTCYSLIG-MONOMER	1.3e-24	24.3	470	110.5	43.0	90.3
YP_534963.1	gnl|META|SYNPCC7942_0260-MONOMER	1.5e-149	45.7	644	526.2	62.3	87.7
YP_534966.1	gnl|META|GLNH-MONOMER	4.5e-31	36.2	229	132.1	55.9	46.0
YP_534966.1	gnl|META|GLNP-MONOMER	9.9e-31	33.5	203	131.0	60.6	41.6
YP_534966.1	gnl|META|ARTJ-MONOMER	2.4e-29	33.5	224	126.3	54.0	45.2
YP_534967.1	gnl|META|AT3G49680-MONOMER	7.0e-63	41.3	329	237.3	57.8	94.5
YP_534968.1	gnl|META|PD00219	1.3e-42	29.3	335	169.9	54.6	99.1
YP_534969.1	gnl|META|MONOMER-12602	9.0e-96	39.1	489	347.1	56.2	97.8
YP_534970.1	gnl|META|MONOMER-12607	1.5e-111	49.1	446	399.8	68.8	66.8
YP_534971.1	gnl|META|MONOMER-16314	5.9e-62	28.5	557	235.0	48.5	90.7
YP_534972.1	gnl|META|MONOMER-14576	1.1e-02	20.8	366	37.7	42.9	68.2
YP_534973.1	gnl|META|MONOMER-20562	3.6e-01	29.6	71	31.6	46.5	33.5
YP_534973.1	gnl|META|MONOMER-19767	4.7e-01	33.8	77	31.2	51.9	33.5
YP_534974.1	gnl|META|HS01565-MONOMER	1.6e-01	34.5	55	32.7	58.2	23.5
YP_534974.1	gnl|META|ENSG00000157227-MONOMER	8.2e-01	51.9	27	30.4	70.4	12.0
YP_534975.1	gnl|META|MONOMER-17340	1.7e-13	31.2	186	73.2	50.5	50.0
YP_534975.1	gnl|META|MONOMER-19974	5.0e-13	26.7	247	71.6	47.0	72.5
YP_534979.1	gnl|META|MONOMER-15473	7.0e-25	29.1	313	111.3	48.9	71.5
YP_534979.1	gnl|META|EG10201-MONOMER	1.9e-22	25.0	388	103.2	46.6	90.0
YP_534982.1	gnl|META|EMRB-MONOMER	4.4e-34	24.2	426	142.1	48.4	82.1
YP_534982.1	gnl|META|EMRY-MONOMER	1.2e-31	23.4	414	134.0	49.5	81.9
YP_534987.1	gnl|META|NARL-MONOMER	4.8e-25	28.6	210	110.9	55.2	96.3
YP_534989.1	gnl|META|RBSB-MONOMER	2.3e-18	26.0	269	89.4	50.2	80.9
YP_534990.1	gnl|META|MANX-MONOMER	2.3e-55	36.3	325	212.2	55.7	97.9
YP_534991.1	gnl|META|MANY-MONOMER	7.9e-54	47.5	242	206.8	70.2	89.6
YP_534992.1	gnl|META|MANZ-MONOMER	3.3e-72	46.8	299	268.1	66.2	98.0
YP_534994.1	gnl|META|G6892-MONOMER	1.1e-11	38.1	97	67.8	55.7	17.6
YP_534995.1	gnl|META|AT4G35630-MONOMER	5.6e-87	46.5	361	317.4	64.8	98.6
YP_534995.1	gnl|META|PSERTRANSAM-MONOMER	6.8e-85	45.1	364	310.5	64.0	99.2
YP_534996.1	gnl|META|PGLYCDEHYDROG-MONOMER	2.1e-39	32.3	353	159.5	50.7	86.0
YP_534996.1	gnl|META|AT1G17745-MONOMER	9.2e-35	30.6	294	144.1	53.1	71.3
YP_535010.1	gnl|META|GLYCEROL-KIN-MONOMER	9.6e-178	59.6	488	619.4	76.2	96.8
YP_535011.1	gnl|META|HS03841-MONOMER	1.6e-62	29.5	600	236.9	46.3	93.8
YP_535012.1	gnl|META|GLPF-MONOMER	1.0e-25	35.7	241	113.2	52.3	95.3
YP_535013.1	gnl|META|POTA-MONOMER	7.6e-76	51.2	285	280.4	69.8	77.1
YP_535014.1	gnl|META|POTB-MONOMER	6.9e-34	33.5	254	140.6	58.7	91.7
YP_535015.1	gnl|META|POTC-MONOMER	3.8e-35	36.0	253	144.8	59.7	91.0
YP_535016.1	gnl|META|POTD-MONOMER	1.6e-62	38.4	310	236.1	54.8	85.6
YP_535018.1	gnl|META|YDEY-MONOMER	7.0e-03	27.4	175	37.7	46.9	57.7
YP_535019.1	gnl|META|POTA-MONOMER	3.6e-24	33.9	224	108.2	51.3	86.2
YP_535019.1	gnl|META|SFUC-MONOMER	4.7e-24	32.7	202	107.8	58.4	79.5
YP_535019.1	gnl|META|PROV-MONOMER	6.2e-24	31.3	211	107.5	54.0	81.5
YP_535019.1	gnl|META|GLNQ-MONOMER	2.6e-22	30.0	213	102.1	54.9	83.1
YP_535019.1	gnl|META|G12WB-159-MONOMER	2.2e-21	29.3	242	99.0	50.8	93.7
YP_535019.1	gnl|META|POTG-MONOMER	3.7e-21	29.4	255	98.2	50.2	97.6
YP_535020.1	gnl|META|G185E-4233-MONOMER	1.8e-05	26.2	130	45.8	43.8	56.9
YP_535023.1	gnl|META|EG10997-MONOMER	3.3e-68	36.8	462	255.4	55.8	98.1
YP_535024.1	gnl|META|EG10375-MONOMER	9.6e-175	50.5	624	609.8	67.9	97.8
YP_535025.1	gnl|META|SYNPCC7942_0485-MONOMER	4.9e-09	29.9	187	57.8	43.3	80.7
YP_535025.1	gnl|META|GPMA-MONOMER	1.2e-07	42.5	73	53.1	60.3	31.4
YP_535029.1	gnl|META|MONOMER-19823	3.0e-11	27.5	211	65.9	39.8	50.3
YP_535030.1	gnl|META|METQ-MONOMER	4.2e-42	38.9	270	167.9	58.1	95.4
YP_535031.1	gnl|META|ABC-MONOMER	4.5e-65	41.2	345	244.6	61.2	96.0
YP_535032.1	gnl|META|METI-MONOMER	7.9e-18	45.5	110	87.0	63.6	47.2
YP_535033.1	gnl|META|ACETYLORNDEACET-MONOMER	7.1e-24	27.5	335	107.8	43.3	85.3
YP_535034.1	gnl|META|DIHYDROPTERIREDUCT-MONOMER	2.5e-10	27.1	199	62.0	42.7	86.0
YP_535036.1	gnl|META|MONOMER-19432	8.7e-30	28.2	284	127.1	50.7	94.9
YP_535036.1	gnl|META|FADB-MONOMER	3.1e-27	29.9	281	118.6	49.1	94.5
YP_535036.1	gnl|META|MONOMER-16803	5.3e-27	31.1	283	117.9	50.5	94.5
YP_535036.1	gnl|META|MONOMER-13738	1.2e-26	28.7	282	116.7	48.9	95.2
YP_535037.1	gnl|META|MONOMER-18049	9.2e-47	29.5	417	184.1	49.9	91.8
YP_535038.1	gnl|META|ORNDECARBOXDEG-MONOMER	1.4e-163	44.8	629	572.8	64.7	89.3
YP_535038.1	gnl|META|ORNDECARBOX-BIO-MONOMER	2.1e-159	42.6	681	558.9	61.7	95.1
YP_535040.1	gnl|META|METI-MONOMER	5.9e-10	52.6	57	60.8	71.9	25.0
YP_535041.1	gnl|META|METQ-MONOMER	5.2e-37	39.5	215	151.0	58.1	79.3
YP_535044.1	gnl|META|BSU03930-MONOMER	2.1e-91	59.5	264	331.6	77.3	100.0
YP_535044.1	gnl|META|MONOMER-19699	3.8e-85	58.0	264	310.8	72.3	100.0
YP_535046.1	gnl|META|PD00232	9.0e-03	35.6	45	37.4	68.9	15.4
YP_535047.1	gnl|META|BSU33400-MONOMER	3.6e-60	45.9	259	228.0	65.6	89.3
YP_535047.1	gnl|META|MONOMER-17833	3.6e-60	43.4	258	228.0	65.1	88.2
YP_535047.1	gnl|META|MONOMER0-148	6.1e-60	45.8	262	227.3	66.4	89.3
YP_535048.1	gnl|META|MONOMER-1364	1.2e-19	29.2	260	93.2	44.2	97.0
YP_535048.1	gnl|META|3-OXOACYL-ACP-REDUCT-MONOMER	6.2e-19	27.4	263	90.9	46.8	97.3
YP_535048.1	gnl|META|EG12133-MONOMER	3.1e-18	30.2	258	88.6	46.9	96.2
YP_535048.1	gnl|META|MONOMER-19467	9.0e-18	28.3	265	87.0	43.4	97.3
YP_535048.1	gnl|META|MONOMER-19696	2.6e-17	28.0	268	85.5	46.3	97.3
YP_535051.1	gnl|META|MONOMER-586	3.9e-56	37.6	314	214.9	57.6	85.8
YP_535051.1	gnl|META|MONOMER-12005	1.8e-53	33.3	345	206.1	52.2	91.8
YP_535051.1	gnl|META|MONOMER-11683	1.2e-52	37.5	307	203.4	58.6	81.1
YP_535052.1	gnl|META|MONOMER-11684	2.0e-83	47.4	327	305.4	66.7	100.0
YP_535053.1	gnl|META|MONOMER-11686	2.8e-61	37.5	429	232.3	54.1	97.7
YP_535054.1	gnl|META|MONOMER-11687	1.6e-150	56.5	469	528.9	73.1	100.0
YP_535055.1	gnl|META|BSU10250-MONOMER	5.8e-86	48.0	327	313.9	67.0	96.5
YP_535055.1	gnl|META|MONOMER-17111	4.6e-83	47.2	326	304.3	66.0	96.2
YP_535062.1	gnl|META|MONOMER-2745	1.9e-35	33.6	259	146.0	54.1	83.6
YP_535062.1	gnl|META|1-PFK-MONOMER	2.1e-31	30.6	258	132.5	52.7	83.9
YP_535063.1	gnl|META|FRUA-MONOMER	1.9e-69	43.3	476	260.0	60.3	72.4
YP_535063.1	gnl|META|HRSA-MONOMER	1.5e-66	34.4	663	250.4	50.2	99.2
YP_535066.1	gnl|META|XASA-MONOMER	6.6e-11	22.7	449	65.1	41.4	91.6
YP_535067.1	gnl|META|MONOMER-16632	1.2e-65	30.7	550	247.3	53.6	86.3
YP_535067.1	gnl|META|YHHO-MONOMER	1.7e-59	30.5	623	226.9	50.6	99.0
YP_535067.1	gnl|META|G1G01-5484-MONOMER	2.2e-59	28.6	584	226.5	49.7	92.7
YP_535067.1	gnl|META|MONOMER-14493	2.4e-58	30.8	556	223.0	50.5	81.1
YP_535068.1	gnl|META|G1I0R-1336-MONOMER	6.1e-44	36.3	278	174.1	59.7	96.9
YP_535069.1	gnl|META|MONOMER-20009	1.2e-66	43.6	305	249.6	65.6	98.1
YP_535069.1	gnl|META|G7220-MONOMER	5.9e-61	41.9	308	230.7	61.7	99.0
YP_535070.1	gnl|META|STM2437-MONOMER	3.1e-16	26.8	231	81.6	42.9	98.2
YP_535071.1	gnl|META|G6912-MONOMER	1.1e-12	33.6	113	68.9	54.9	94.1
YP_535071.1	gnl|META|AT5G48950-MONOMER	2.5e-12	34.0	103	67.8	59.2	85.7
YP_535072.1	gnl|META|MONOMER-13812	9.6e-116	71.0	269	412.5	85.1	98.5
YP_535073.1	gnl|META|MONOMER-13858	1.9e-106	45.7	481	382.5	63.8	97.1
YP_535073.1	gnl|META|MONOMER-13811	2.7e-105	42.9	476	378.6	61.3	97.1
YP_535075.1	gnl|META|BCR-MONOMER	1.1e-04	24.6	199	44.3	39.2	42.5
YP_535078.1	gnl|META|BSU35650-MONOMER	1.2e-44	35.8	285	176.8	57.5	78.6
YP_535078.1	gnl|META|MONOMER-19997	2.0e-44	35.8	285	176.0	56.8	78.6
YP_535081.1	gnl|META|PD00232	2.0e-15	24.7	243	79.3	45.7	83.2
YP_535084.1	gnl|META|MONOMER-8684	2.3e-196	60.2	555	681.4	77.5	98.9
YP_535085.1	gnl|META|MONOMER-8702	6.4e-39	34.9	238	157.1	59.2	99.6
YP_535086.1	gnl|META|LYSP-MONOMER	5.6e-151	56.1	469	530.4	77.6	96.3
YP_535087.1	gnl|META|SERS-MONOMER	7.2e-102	51.4	430	367.1	66.0	99.1
YP_535088.1	gnl|META|BSU15490-MONOMER	8.9e-81	51.0	302	296.6	69.9	95.6
YP_535089.1	gnl|META|BSU15500-MONOMER	2.0e-120	54.7	426	428.7	68.5	99.1
YP_535090.1	gnl|META|BSU15510-MONOMER	2.9e-120	54.7	358	427.9	74.3	98.9
YP_535091.1	gnl|META|BSU15520-MONOMER	0.0e+00	65.4	1061	1381.7	81.3	100.0
YP_535092.1	gnl|META|MONOMER-14471	2.2e-100	59.2	306	361.7	76.1	97.5
YP_535092.1	gnl|META|BSU15540-MONOMER	1.2e-90	57.8	296	329.3	74.7	94.3
YP_535094.1	gnl|META|SYNPCC7942_0260-MONOMER	3.6e-238	53.0	824	820.8	71.8	98.2
YP_535095.1	gnl|META|RPOB-MONOMER	9.8e-306	44.3	1362	1045.8	59.5	94.7
YP_535096.1	gnl|META|RPOC-MONOMER	0.0e+00	45.3	1385	1139.8	59.6	96.7
YP_535098.1	gnl|META|EG10911-MONOMER	2.1e-42	66.2	136	167.9	74.3	99.3
YP_535099.1	gnl|META|EG10906-MONOMER	4.9e-48	53.2	156	186.8	76.3	100.0
YP_535100.1	gnl|META|EG10529-MONOMER	8.4e-23	24.4	501	105.1	38.9	69.4
YP_535101.1	gnl|META|G6577-MONOMER	8.0e-21	33.2	199	97.1	50.8	79.0
YP_535102.1	gnl|META|MONOMER-10303	1.7e-44	29.7	380	176.4	48.2	94.4
YP_535103.1	gnl|META|CPXR-MONOMER	4.4e-37	35.1	231	151.0	62.8	99.1
YP_535104.1	gnl|META|BAES-MONOMER	1.8e-27	27.3	286	119.8	53.5	73.4
YP_535104.1	gnl|META|G6318-MONOMER	2.2e-25	25.2	325	112.8	49.2	84.1
YP_535105.1	gnl|META|BUKCLOS-MONOMER	3.4e-02	30.4	79	35.4	51.9	27.3
YP_535106.1	gnl|META|B2789-MONOMER	3.1e-27	25.9	413	119.0	47.5	95.4
YP_535106.1	gnl|META|YIDT-MONOMER	1.9e-24	26.5	404	109.8	46.0	95.6
YP_535107.1	gnl|META|MONOMER-16158	4.6e-91	34.4	588	331.6	54.3	91.3
YP_535107.1	gnl|META|AT4G15560-MONOMER	7.9e-91	33.6	596	330.9	55.4	92.3
YP_535107.1	gnl|META|BSU24270-MONOMER	3.7e-88	31.5	620	322.0	50.8	98.0
YP_535107.1	gnl|META|DXS-MONOMER	8.8e-82	31.9	583	300.8	51.8	92.3
YP_535108.1	gnl|META|MACB	3.9e-54	28.5	677	209.1	48.0	99.8
YP_535110.1	gnl|META|EG10613-MONOMER	7.9e-59	27.6	562	224.6	52.3	96.7
YP_535111.1	gnl|META|G6550-MONOMER	2.1e-38	49.4	168	156.4	64.9	35.7
YP_535115.1	gnl|META|YIIP-MONOMER	2.2e-08	22.3	242	56.2	47.1	70.7
YP_535116.1	gnl|META|TRPS-MONOMER	2.1e-43	34.7	337	172.6	54.9	97.9
YP_535117.1	gnl|META|PPPGPPHYDRO-MONOMER	9.8e-16	24.8	302	80.5	44.7	97.1
YP_535117.1	gnl|META|PPX-MONOMER	2.9e-15	22.3	305	79.0	44.6	98.4
YP_535118.1	gnl|META|YBHF-MONOMER	4.2e-38	35.7	238	154.5	58.4	95.9
YP_535119.1	gnl|META|YBHR-MONOMER	4.9e-06	22.7	357	48.5	47.1	93.5
YP_535122.1	gnl|META|MONOMER-18244	9.4e-94	45.8	415	340.1	66.5	98.3
YP_535124.1	gnl|META|METG-MONOMER	3.4e-61	25.3	673	232.6	45.8	95.6
YP_535125.1	gnl|META|EG11481-MONOMER	5.1e-26	29.3	259	114.4	50.6	98.4
YP_535127.1	gnl|META|EG10523-MONOMER	3.9e-30	31.1	267	128.3	51.7	90.2
YP_535130.1	gnl|META|MONOMER-11821	2.6e-23	24.0	333	105.9	43.5	84.1
YP_535130.1	gnl|META|MONOMER-13008	5.8e-23	24.8	323	104.8	44.0	82.0
YP_535130.1	gnl|META|MONOMER-20617	1.9e-21	23.2	336	99.8	40.5	84.1
YP_535132.1	gnl|META|EG11294-MONOMER	9.8e-26	28.9	266	113.6	49.2	90.0
YP_535132.1	gnl|META|MONOMER-11959	3.7e-25	28.9	256	111.7	48.4	86.5
YP_535133.1	gnl|META|AMTB-MONOMER	1.8e-60	37.5	403	229.6	54.3	92.4
YP_535138.1	gnl|META|ARSA-MONOMER	1.6e-02	24.7	190	36.6	37.4	59.9
YP_535148.1	gnl|META|EG10442-MONOMER	1.1e-01	38.6	44	31.6	54.5	69.8
YP_535156.1	gnl|META|MONOMER-15915	4.3e-01	42.2	45	29.6	51.1	61.2
YP_535201.1	gnl|META|EG10246-MONOMER	1.1e-09	35.3	133	60.8	52.6	29.1
YP_535202.1	gnl|META|ARGSUCCINLYA-MONOMER	1.2e-110	45.2	454	396.4	65.0	98.5
YP_535202.1	gnl|META|HS10034-MONOMER	1.6e-99	41.9	454	359.4	61.2	98.7
YP_535203.1	gnl|META|HS05425-MONOMER	3.9e-97	44.9	399	351.3	64.7	96.5
YP_535204.1	gnl|META|MONOMER-18938	9.1e-51	33.3	375	197.2	55.5	94.6
YP_535204.1	gnl|META|MONOMER-13008	1.1e-48	32.4	380	190.3	52.6	94.6
YP_535204.1	gnl|META|MONOMER-11821	2.1e-47	30.2	384	186.0	52.3	95.1
YP_535205.1	gnl|META|G12WB-500-MONOMER	1.1e-73	44.2	321	273.1	67.0	96.7
YP_535209.1	gnl|META|MONOMER-20453	8.7e-64	41.7	350	240.4	58.0	96.1
YP_535210.1	gnl|META|YPR026W-MONOMER	7.7e-02	25.0	92	33.1	52.2	67.4
YP_535211.1	gnl|META|MONOMER-19925	8.9e-08	23.6	123	53.9	50.4	44.1
YP_535213.1	gnl|META|NAG1P-URIDYLTRANS-MONOMER	5.0e-64	34.4	451	241.5	52.5	95.7
YP_535214.1	gnl|META|PRPPSYN-MONOMER	8.6e-87	51.7	315	316.6	72.4	96.0
YP_535215.1	gnl|META|SPERMACTRAN-MONOMER	1.6e-02	21.8	142	35.8	47.2	81.0
YP_535216.1	gnl|META|MONOMER0-148	4.5e-60	43.1	267	227.6	61.8	95.0
YP_535216.1	gnl|META|MONOMER-17833	6.5e-59	43.0	265	223.8	59.2	94.3
YP_535216.1	gnl|META|BSU33400-MONOMER	9.4e-58	42.4	269	219.9	60.6	96.1
YP_535219.1	gnl|META|MONOMER-17076	3.1e-41	27.3	535	166.0	46.4	92.6
YP_535220.1	gnl|META|GLYOXII-MONOMER	1.0e-03	33.3	54	40.0	50.0	24.7
YP_535221.1	gnl|META|BIOTINLIG-MONOMER	2.3e-20	27.8	309	95.9	48.2	94.1
YP_535225.1	gnl|META|EG10924-MONOMER	7.4e-03	37.7	77	38.5	49.4	13.8
YP_535233.1	gnl|META|EG11195-MONOMER	1.6e-46	35.2	267	182.6	58.4	97.8
YP_535235.1	gnl|META|GQT-2803-MONOMER	1.4e-11	27.6	156	66.2	50.0	64.4
YP_535238.1	gnl|META|BSU37150-MONOMER	7.4e-221	69.2	529	762.7	83.9	99.4
YP_535241.1	gnl|META|MONOMER-15461	2.2e-111	49.5	410	398.7	68.0	96.9
YP_535242.1	gnl|META|MONOMER-538	5.3e-04	24.4	320	42.0	39.4	65.8
YP_535243.1	gnl|META|EG10889-MONOMER	1.4e-06	32.1	78	48.1	50.0	95.1
YP_535245.1	gnl|META|EG11357-MONOMER	3.1e-05	24.7	235	47.0	43.4	28.3
YP_535245.1	gnl|META|EG11357-MONOMER	1.0e+00	32.9	76	32.0	55.3	9.3
YP_535249.1	gnl|META|EG11724-MONOMER	9.4e-89	42.7	422	323.6	66.1	96.1
YP_535249.1	gnl|META|EG11691-MONOMER	2.6e-86	41.5	422	315.5	65.2	96.1
YP_535251.1	gnl|META|MONOMER-12255	2.5e-84	39.0	459	308.9	61.0	100.0
YP_535252.1	gnl|META|EG10210-MONOMER	2.0e-71	41.0	363	266.2	58.4	73.6
YP_535252.1	gnl|META|EG10844-MONOMER	2.5e-66	40.4	337	249.2	60.5	66.7
YP_535253.1	gnl|META|HOLO-ACP-SYNTH-MONOMER	2.1e-10	35.5	107	61.6	57.9	78.5
YP_535254.1	gnl|META|G1G01-5627-MONOMER	3.8e-46	35.6	368	181.8	54.6	98.1
YP_535256.1	gnl|META|EG11249-MONOMER	4.2e-02	28.2	78	33.9	47.4	63.9
YP_535261.1	gnl|META|MONOMER-20007	3.0e-12	26.8	295	68.9	43.4	93.2
YP_535265.1	gnl|META|EG11247-MONOMER	1.5e-28	24.9	453	123.6	44.6	96.9
YP_535268.1	gnl|META|MONOMER-17188	1.2e-70	41.9	332	263.1	63.0	98.2
YP_535269.1	gnl|META|BSU35700-MONOMER	3.0e-35	31.0	248	146.0	57.3	50.0
YP_535269.1	gnl|META|MONOMER-20000	3.0e-35	31.0	248	146.0	57.3	50.0
YP_535270.1	gnl|META|EG10529-MONOMER	1.5e-19	29.4	163	94.0	57.1	29.9
YP_535272.1	gnl|META|BETAGALACTOSID-MONOMER	7.1e-140	32.0	1026	494.6	49.0	97.7
YP_535273.1	gnl|META|PD00219	2.3e-18	24.9	345	89.4	47.5	99.1
YP_535274.1	gnl|META|GALACTOKIN-MONOMER	3.9e-70	38.4	383	261.5	58.0	98.4
YP_535275.1	gnl|META|MONOMER-6142	8.6e-151	77.4	332	529.3	86.7	100.0
YP_535279.1	gnl|META|SYNPCC7942_0260-MONOMER	2.6e-176	48.4	675	615.1	68.3	88.6
YP_535281.1	gnl|META|PTSH-MONOMER	5.1e-10	38.3	81	59.7	60.5	92.0
YP_535281.1	gnl|META|FRUB-MONOMER	2.5e-09	42.5	87	57.4	60.9	95.5
YP_535282.1	gnl|META|PTSI-MONOMER	2.1e-152	49.3	570	535.4	70.2	99.1
YP_535283.1	gnl|META|MONOMER-20028	2.3e-97	46.2	392	352.1	66.6	96.7
YP_535284.1	gnl|META|MONOMER-20029	2.4e-92	50.7	335	335.1	68.4	98.8
YP_535287.1	gnl|META|MONOMER-20004	6.8e-150	44.6	632	527.3	62.8	91.4
YP_535288.1	gnl|META|MONOMER-17676	2.5e-06	25.0	224	50.1	39.3	39.6
YP_535294.1	gnl|META|PSTC-MONOMER	2.6e-21	28.6	294	99.0	48.3	89.5
YP_535295.1	gnl|META|PSTA-MONOMER	5.3e-27	32.3	282	117.9	52.5	93.9
YP_535296.1	gnl|META|PSTB-MONOMER	1.3e-64	50.2	247	242.7	71.3	92.8
YP_535297.1	gnl|META|PSTB-MONOMER	7.3e-70	49.8	247	260.0	69.2	98.4
YP_535298.1	gnl|META|MONOMER-20808	1.7e-01	23.9	88	32.7	52.3	39.0
YP_535298.1	gnl|META|MONOMER-20807	1.7e-01	23.9	88	32.7	52.3	39.0
YP_535299.1	gnl|META|MONOMER-546	1.2e-84	54.5	277	309.3	72.9	95.5
YP_535306.1	gnl|META|EG12235-MONOMER	1.5e-03	30.9	97	38.5	49.5	86.5
YP_535308.1	gnl|META|EG10860-MONOMER	1.5e-15	32.4	148	79.3	52.7	67.6
YP_535312.1	gnl|META|G7248-MONOMER	4.6e-36	35.6	222	148.3	52.7	59.1
YP_535313.1	gnl|META|PD00219	1.7e-29	29.3	335	126.3	49.3	97.6
YP_535316.1	gnl|META|RIBOKIN-MONOMER	7.9e-58	42.0	305	220.3	62.6	99.0
YP_535317.1	gnl|META|G7704-MONOMER	5.5e-33	30.7	270	137.9	53.7	80.4
YP_535319.1	gnl|META|G7706-MONOMER	6.4e-01	27.1	70	29.6	54.3	70.0
YP_535326.1	gnl|META|CYCA-MONOMER	1.7e-109	47.9	436	392.5	68.3	96.0
YP_535329.1	gnl|META|EG10634-MONOMER	1.4e-36	32.9	249	149.4	53.8	96.9
YP_535330.1	gnl|META|MONOMER-20222	1.0e-11	29.7	182	66.6	50.5	83.6
YP_535332.1	gnl|META|MONOMER-13562	1.6e-59	38.2	330	226.1	59.7	95.9
YP_535333.1	gnl|META|EG10743-MONOMER	8.7e-09	35.2	71	56.2	66.2	52.2
YP_535333.1	gnl|META|EG10900-MONOMER	1.5e-08	36.0	75	55.5	58.7	54.4
YP_535334.1	gnl|META|MONOMER-14558	9.9e-154	66.8	392	539.3	81.4	98.5
YP_535335.1	gnl|META|LEUS-MONOMER	1.7e-192	42.6	863	669.1	58.6	99.5
YP_535336.1	gnl|META|CYCA-MONOMER	6.2e-104	44.6	448	374.0	65.8	99.8
YP_535336.1	gnl|META|PHEP-MONOMER	7.6e-94	41.4	432	340.5	63.2	96.9
YP_535338.1	gnl|META|EG12044-MONOMER	2.0e-40	40.9	235	162.2	62.1	97.5
YP_535339.1	gnl|META|EG11758-MONOMER	4.0e-24	31.9	276	108.2	51.1	95.8
YP_535340.1	gnl|META|HS07681-MONOMER	3.6e-09	38.3	81	59.3	55.6	16.8
YP_535342.1	gnl|META|MONOMER-19311	5.5e-49	66.9	139	189.9	77.7	93.9
YP_535344.1	gnl|META|FABH-MONOMER	2.4e-49	33.6	321	192.2	53.9	97.5
YP_535345.1	gnl|META|EG50003-MONOMER	6.5e-04	38.2	68	39.3	61.8	82.5
YP_535346.1	gnl|META|MONOMER-19440	3.5e-29	25.8	310	125.2	52.3	96.2
YP_535346.1	gnl|META|MONOMER-20578	2.1e-26	27.8	291	115.9	50.2	92.3
YP_535347.1	gnl|META|AT1G24360-MONOMER	1.8e-57	49.0	247	218.8	66.8	99.6
YP_535347.1	gnl|META|MONOMER-19303	9.0e-57	49.2	240	216.5	64.2	98.8
YP_535348.1	gnl|META|MONOMER-19312	5.5e-131	58.8	410	463.8	73.7	99.3
YP_535348.1	gnl|META|MONOMER-19302	7.0e-118	52.4	414	420.2	69.6	100.0
YP_535349.1	gnl|META|BCCP-MONOMER	1.7e-18	34.4	160	88.6	55.0	98.7
YP_535350.1	gnl|META|MONOMER-19311	6.6e-44	57.1	140	172.9	76.4	100.0
YP_535351.1	gnl|META|AT5G35360-MONOMER	4.5e-134	51.7	439	474.2	72.9	95.6
YP_535351.1	gnl|META|MONOMER-11921	3.8e-133	51.0	445	471.1	72.6	96.9
YP_535351.1	gnl|META|MONOMER-14537	1.7e-128	50.2	444	455.7	70.9	96.7
YP_535351.1	gnl|META|BIOTIN-CARBOXYL-MONOMER	6.1e-123	48.1	445	437.2	69.0	96.7
YP_535351.1	gnl|META|MONOMER-16073	1.5e-121	48.1	445	432.6	67.6	96.9
YP_535351.1	gnl|META|MONOMER-16075	3.7e-120	46.8	442	427.9	68.8	96.3
YP_535352.1	gnl|META|ATCG00500-MONOMER	1.0e-56	46.3	257	216.5	65.0	88.3
YP_535352.1	gnl|META|CARBOXYL-TRANSFERASE-BETA-MONOMER	7.0e-53	41.7	266	203.8	62.4	91.9
YP_535352.1	gnl|META|MONOMER-17287	7.0e-53	39.9	263	203.8	61.6	90.8
YP_535353.1	gnl|META|CARBOXYL-TRANSFERASE-ALPHA-MONOMER	1.0e-58	47.1	257	223.0	65.0	96.2
YP_535353.1	gnl|META|AT2G38040-MONOMER	3.2e-52	44.0	257	201.4	60.7	96.2
YP_535354.1	gnl|META|ENOYL-ACP-REDUCT-NADH-MONOMER	9.6e-62	50.6	247	233.0	71.3	96.8
YP_535355.1	gnl|META|MONOMER-13060	4.3e-130	48.6	486	461.1	64.4	98.0
YP_535356.1	gnl|META|MONOMER-13041	1.1e-188	71.5	449	655.6	82.9	99.8
YP_535356.1	gnl|META|MONOMER-13046	1.4e-183	69.4	448	638.6	83.0	99.6
YP_535357.1	gnl|META|MONOMER-20004	3.8e-151	44.3	637	531.6	63.4	87.5
YP_535358.1	gnl|META|GLPF-MONOMER	9.8e-19	30.2	252	90.1	44.4	95.5
YP_535359.1	gnl|META|AT3G54690-MONOMER	9.9e-01	30.5	59	29.6	50.8	35.7
YP_535361.1	gnl|META|MONOMER-20145	8.0e-52	32.5	369	200.7	49.9	93.7
YP_535361.1	gnl|META|MONOMER-20392	1.2e-50	30.9	379	196.8	50.1	97.4
YP_535361.1	gnl|META|MONOMER-4142	7.0e-48	35.7	345	187.6	48.7	88.2
YP_535364.1	gnl|META|MONOMER-15456	2.5e-62	31.2	570	236.5	50.2	76.3
YP_535366.1	gnl|META|MONOMER-16557	3.4e-08	28.3	173	55.5	45.7	52.4
YP_535369.1	gnl|META|EG12172-MONOMER	1.3e-10	33.0	103	62.4	49.5	72.5
YP_535370.1	gnl|META|BSU02750-MONOMER	4.0e-28	31.6	225	121.3	54.2	90.7
YP_535370.1	gnl|META|YHBG-MONOMER	8.9e-28	29.3	242	120.2	54.1	95.5
YP_535370.1	gnl|META|YBHF-MONOMER	9.8e-27	28.0	239	116.7	51.9	95.9
YP_535373.1	gnl|META|EG11779-MONOMER	1.4e-16	30.2	179	82.8	48.0	82.1
YP_535375.1	gnl|META|MONOMER-15494	6.7e-01	38.1	42	29.6	59.5	40.0
YP_535375.1	gnl|META|EG10534-MONOMER	8.8e-01	30.8	65	29.3	49.2	59.0
YP_535376.1	gnl|META|PHET-MONOMER	3.1e-16	46.3	95	81.6	61.1	44.0
YP_535377.1	gnl|META|MONOMER-15459	2.1e-144	57.6	436	508.4	75.2	98.4
YP_535378.1	gnl|META|G66-33210-MONOMER	2.6e-11	31.5	108	64.7	55.6	74.0
YP_535380.1	gnl|META|EG10746-MONOMER	1.2e-154	37.5	930	543.5	56.9	99.1
YP_535381.1	gnl|META|EG10329-MONOMER	2.1e-38	37.4	273	155.6	52.0	98.6
YP_535382.1	gnl|META|MONOMER3O-504	5.7e-33	38.9	193	137.1	64.8	93.5
YP_535385.1	gnl|META|ARSA-MONOMER	5.2e-01	52.9	34	31.6	61.8	11.0
YP_535386.1	gnl|META|THRS-MONOMER	3.9e-123	37.5	643	438.3	58.2	98.8
YP_535388.1	gnl|META|EG11231-MONOMER	3.4e-06	49.1	55	46.6	61.8	83.3
YP_535389.1	gnl|META|EG10881-MONOMER	1.3e-32	62.7	118	135.2	79.7	98.3
YP_535391.1	gnl|META|EG11202-MONOMER	7.2e-03	28.9	97	37.0	51.5	50.8
YP_535391.1	gnl|META|EG10634-MONOMER	9.4e-03	40.4	57	36.6	50.9	28.5
YP_535391.1	gnl|META|AT5G47760-MONOMER	6.1e-02	28.8	80	33.9	48.8	44.7
YP_535392.1	gnl|META|G7319-MONOMER	5.5e-05	47.5	59	45.1	59.3	15.0
YP_535394.1	gnl|META|NICONUCADENYLYLTRAN-MONOMER	7.9e-25	31.2	208	110.2	49.5	87.1
YP_535400.1	gnl|META|MONOMER-14088	1.1e-50	48.2	195	196.1	69.2	93.2
YP_535402.1	gnl|META|G7649-MONOMER	2.0e-07	33.8	80	51.2	57.5	84.2
YP_535403.1	gnl|META|EG10901-MONOMER	3.3e-68	50.8	238	254.6	71.8	89.8
YP_535406.1	gnl|META|BSU00140-MONOMER	2.7e-21	30.0	230	98.6	50.9	94.6
YP_535407.1	gnl|META|PURE-MONOMER	2.0e-44	58.9	158	174.9	77.8	97.5
YP_535408.1	gnl|META|YOR128C-MONOMER	2.4e-56	35.4	370	215.7	56.5	94.9
YP_535409.1	gnl|META|MONOMER-18798	3.3e-86	39.5	435	315.1	63.2	98.1
YP_535410.1	gnl|META|MONOMER-15681	2.9e-34	29.8	325	142.1	49.8	95.1
YP_535414.1	gnl|META|CPXR-MONOMER	2.8e-36	37.7	231	148.3	60.2	100.0
YP_535415.1	gnl|META|PHOR-MONOMER	2.0e-26	32.1	224	116.7	54.5	44.6
YP_535416.1	gnl|META|MONOMER-16599	1.0e-04	21.7	221	43.9	44.8	59.3
YP_535417.1	gnl|META|G6502-MONOMER	1.6e-06	36.4	66	48.1	59.1	73.3
YP_535418.1	gnl|META|MONOMER-18245	9.2e-104	50.5	386	373.2	68.7	99.5
YP_535422.1	gnl|META|EG12099-MONOMER	7.9e-37	41.1	180	149.8	61.7	97.3
YP_535423.1	gnl|META|AT5G63910-MONOMER	2.4e-01	27.0	63	31.6	55.6	43.6
YP_535425.1	gnl|META|MONOMER-20274	1.1e-85	55.0	280	312.8	72.5	98.2
YP_535425.1	gnl|META|CYCLODEHYCLTH-MONOMER	1.9e-82	56.4	280	302.0	71.1	98.2
YP_535426.1	gnl|META|EG11072-MONOMER	2.2e-64	44.8	288	242.7	65.3	64.3
YP_535427.1	gnl|META|EG11098-MONOMER	6.3e-09	43.7	71	55.8	69.0	92.0
YP_535428.1	gnl|META|FPPSYN-MONOMER	4.3e-53	41.7	266	204.5	60.2	88.2
YP_535428.1	gnl|META|MONOMER-11666	7.4e-53	46.4	237	203.8	66.7	78.8
YP_535428.1	gnl|META|AT4G36810-MONOMER	1.1e-51	45.6	241	199.9	64.7	78.8
YP_535428.1	gnl|META|AT2G18640-MONOMER	2.4e-51	40.9	230	198.7	66.5	76.4
YP_535428.1	gnl|META|MONOMER-16157	3.1e-51	44.7	244	198.4	64.8	81.1
YP_535428.1	gnl|META|MONOMER-11994	2.6e-50	43.5	230	195.3	66.1	76.4
YP_535428.1	gnl|META|AT2G23800-MONOMER	3.4e-50	37.1	280	194.9	59.6	92.6
YP_535428.1	gnl|META|MONOMER-12171	1.0e-49	42.0	245	193.4	63.3	81.5
YP_535428.1	gnl|META|AT3G14550-MONOMER	5.0e-49	42.3	246	191.0	61.4	80.8
YP_535429.1	gnl|META|G185E-5885-MONOMER	1.9e-39	39.1	248	159.1	55.6	88.0
YP_535430.1	gnl|META|STM0162-MONOMER	2.6e-01	24.5	110	31.6	44.5	69.7
YP_535432.1	gnl|META|EG11057-MONOMER	5.7e-04	32.1	106	40.8	48.1	44.7
YP_535435.1	gnl|META|G7319-MONOMER	9.3e-04	29.8	124	40.0	42.7	62.8
YP_535435.1	gnl|META|EG10437-MONOMER	1.2e-03	29.2	130	39.7	42.3	64.8
YP_535440.1	gnl|META|EG10891-MONOMER	2.2e-02	42.4	33	33.5	69.7	67.3
YP_535441.1	gnl|META|EG11158-MONOMER	3.3e-11	34.8	112	64.7	55.4	59.3
YP_535444.1	gnl|META|MONOMER-6081	4.3e-115	63.4	320	410.6	79.7	99.4
YP_535447.1	gnl|META|EG10595-MONOMER	5.3e-38	34.4	291	154.5	53.6	92.8
YP_535448.1	gnl|META|MONOMER-15732	5.4e-01	60.0	20	32.0	75.0	4.8
YP_535450.1	gnl|META|MONOMER-502	3.0e-138	53.9	438	488.0	70.3	98.0
YP_535451.1	gnl|META|EG10668-MONOMER	1.2e-19	42.7	103	92.4	61.2	67.3
YP_535453.1	gnl|META|UMPKI-MONOMER	1.7e-55	46.6	232	212.2	69.4	96.7
YP_535455.1	gnl|META|UPPSYN-MONOMER	1.5e-54	45.2	228	209.1	65.4	87.7
YP_535455.1	gnl|META|MONOMER-15449	2.6e-54	44.4	252	208.4	61.1	96.9
YP_535455.1	gnl|META|MONOMER-14834	1.7e-53	45.9	242	205.7	60.7	93.1
YP_535455.1	gnl|META|MONOMER-15682	1.3e-50	45.1	237	196.1	58.6	91.2
YP_535455.1	gnl|META|G185E-6587-MONOMER	2.2e-48	43.7	231	188.7	58.9	88.8
YP_535456.1	gnl|META|MONOMER-20006	3.5e-54	43.1	262	208.0	62.6	98.9
YP_535457.1	gnl|META|EG12436-MONOMER	2.4e-36	27.1	458	149.4	45.6	98.1
YP_535458.1	gnl|META|PROS-MONOMER	1.1e-150	49.2	565	529.6	67.3	97.7
YP_535459.1	gnl|META|EG10243-MONOMER	2.4e-08	25.1	171	58.2	47.4	11.0
YP_535464.1	gnl|META|EG10942-MONOMER	1.2e-14	31.3	211	78.2	48.8	27.8
YP_535464.1	gnl|META|EG10529-MONOMER	9.8e-14	28.3	230	75.1	45.2	28.2
YP_535466.1	gnl|META|EG11177-MONOMER	2.0e-42	36.8	266	169.1	56.8	85.1
YP_535467.1	gnl|META|MONOMER-14605	6.9e-65	40.8	319	243.8	61.8	99.7
YP_535469.1	gnl|META|EG10416-MONOMER	1.2e-11	32.6	129	66.2	53.5	64.6
YP_535470.1	gnl|META|EG10241-MONOMER	4.6e-174	58.3	561	607.4	75.4	86.5
YP_535471.1	gnl|META|EG10240-MONOMER	5.0e-62	38.6	368	234.6	54.1	94.7
YP_535472.1	gnl|META|EG10529-MONOMER	2.6e-198	55.9	599	688.0	76.6	98.4
YP_535473.1	gnl|META|GLNH-MONOMER	1.3e-33	39.1	248	140.6	56.9	50.3
YP_535473.1	gnl|META|GLNP-MONOMER	9.9e-31	35.8	201	131.0	60.2	41.2
YP_535474.1	gnl|META|GLNQ-MONOMER	3.0e-68	52.9	238	254.6	73.5	96.7
YP_535474.1	gnl|META|GLTL-MONOMER	2.8e-66	53.3	240	248.1	72.5	97.6
YP_535474.1	gnl|META|EG12347-MONOMER	4.2e-62	49.8	245	234.2	70.6	97.2
YP_535475.1	gnl|META|BARA-MONOMER	2.4e-01	28.0	50	31.2	52.0	45.9
YP_535476.1	gnl|META|G7265-MONOMER	1.2e-22	24.8	359	103.6	41.5	89.5
YP_535479.1	gnl|META|G1I0R-1994-MONOMER	3.2e-43	45.4	216	171.4	61.1	91.5
YP_535480.1	gnl|META|G1I0R-1995-MONOMER	4.1e-55	35.2	372	211.8	52.4	82.6
YP_535481.1	gnl|META|TDK-MONOMER	1.3e-45	48.7	189	179.1	69.8	91.5
YP_535482.1	gnl|META|EG12354-MONOMER	2.9e-03	30.0	90	39.3	48.9	18.3
YP_535483.1	gnl|META|EG12424-MONOMER	1.7e-22	30.3	251	102.8	50.2	88.2
YP_535484.1	gnl|META|G7698-MONOMER	1.1e-12	32.8	134	70.5	50.7	39.3
YP_535485.1	gnl|META|URACIL-PRIBOSYLTRANS-MONOMER	6.8e-61	51.2	207	229.9	73.4	99.0
YP_535486.1	gnl|META|SYNPCC7942_0331-MONOMER	4.0e-17	34.2	161	84.7	57.8	67.1
YP_535486.1	gnl|META|ATPB-MONOMER	3.4e-16	27.5	236	81.6	52.1	93.2
YP_535487.1	gnl|META|ATPE-MONOMER	3.5e-04	54.3	35	40.0	74.3	47.3
YP_535489.1	gnl|META|SYNPCC7942_0335-MONOMER	2.0e-13	28.0	164	72.0	50.0	90.6
YP_535490.1	gnl|META|SYNPCC7942_0336-MONOMER	1.4e-168	58.9	496	589.0	77.6	98.6
YP_535491.1	gnl|META|ATPG-MONOMER	1.6e-34	32.4	306	142.9	52.6	99.0
YP_535491.1	gnl|META|SYNPCC7942_0337-MONOMER	4.7e-34	29.2	325	141.4	51.7	99.0
YP_535492.1	gnl|META|MONOMER-539	2.1e-166	65.9	461	581.6	77.0	98.5
YP_535492.1	gnl|META|SYNPCC7942_2315-MONOMER	9.9e-161	64.9	473	562.8	75.1	98.5
YP_535492.1	gnl|META|ATPD-MONOMER	3.8e-160	63.2	465	560.8	77.4	99.1
YP_535493.1	gnl|META|SYNPCC7942_2316-MONOMER	7.0e-14	37.5	128	73.2	60.9	92.1
YP_535495.1	gnl|META|MONOMER-15460	2.5e-137	59.4	421	485.0	74.6	95.5
YP_535496.1	gnl|META|G3O-32438-MONOMER	8.8e-07	21.5	293	50.8	43.0	82.0
YP_535499.1	gnl|META|EG10344-MONOMER	1.7e-23	25.9	401	106.7	46.9	96.0
YP_535503.1	gnl|META|GUANYL-KIN-MONOMER	1.4e-39	43.7	190	159.1	65.3	92.2
YP_535505.1	gnl|META|EG10004-MONOMER	2.3e-78	42.6	399	288.9	62.7	99.0
YP_535506.1	gnl|META|EG10763-MONOMER	1.1e-103	32.0	796	374.0	50.1	99.2
YP_535507.1	gnl|META|EG11268-MONOMER	1.9e-59	37.6	311	225.7	60.1	97.8
YP_535508.1	gnl|META|EG12163-MONOMER	5.9e-38	29.1	446	154.8	48.4	99.8
YP_535510.1	gnl|META|G7841-MONOMER	1.8e-27	31.2	282	119.4	48.2	89.9
YP_535511.1	gnl|META|BSU15800-MONOMER	1.8e-35	40.6	217	145.6	58.5	96.8
YP_535512.1	gnl|META|EG10886-MONOMER	4.2e-03	40.4	47	36.2	55.3	77.0
YP_535514.1	gnl|META|G1I0R-1119-MONOMER	1.1e-145	47.5	564	513.1	68.6	99.6
YP_535515.1	gnl|META|EG11062-MONOMER	1.9e-03	30.7	88	40.8	54.5	12.4
YP_535516.1	gnl|META|MONOMER-14086	7.9e-104	57.9	330	373.2	75.5	99.1
YP_535517.1	gnl|META|EG50003-MONOMER	1.5e-13	50.0	74	71.2	68.9	92.5
YP_535518.1	gnl|META|EG10857-MONOMER	5.8e-29	35.8	226	124.0	52.7	95.7
YP_535519.1	gnl|META|EG10613-MONOMER	9.6e-03	36.1	83	39.3	48.2	7.0
YP_535523.1	gnl|META|EG10915-MONOMER	1.8e-13	48.6	74	71.2	67.6	79.1
YP_535526.1	gnl|META|EG11023-MONOMER	3.6e-61	47.8	249	231.1	65.5	98.8
YP_535527.1	gnl|META|MONOMER-19771	2.5e-25	30.1	186	111.7	52.2	93.9
YP_535527.1	gnl|META|MONOMER-15056	3.4e-22	32.7	165	101.3	52.1	83.3
YP_535528.1	gnl|META|B0260-MONOMER	1.2e-12	23.3	459	70.9	42.5	91.2
YP_535528.1	gnl|META|YHFM-MONOMER	3.9e-11	24.6	451	65.9	43.0	92.4
YP_535529.1	gnl|META|EG10880-MONOMER	6.0e-30	56.4	110	126.3	70.9	93.2
YP_535530.1	gnl|META|EG10919-MONOMER	3.9e-07	44.7	85	50.1	57.6	100.0
YP_535531.1	gnl|META|EG10914-MONOMER	4.7e-19	49.4	89	89.7	67.4	100.0
YP_535532.1	gnl|META|MONOMER-6565	7.4e-74	49.1	285	273.5	68.8	97.9
YP_535532.1	gnl|META|BSU16770-MONOMER	4.1e-72	47.6	286	267.7	69.2	97.9
YP_535533.1	gnl|META|G6475-MONOMER	6.6e-02	26.6	109	35.4	41.3	18.1
YP_535535.1	gnl|META|EG10942-MONOMER	2.0e-29	29.8	336	126.3	46.4	84.3
YP_535536.1	gnl|META|EG11003-MONOMER	6.8e-47	31.1	396	184.5	52.8	90.1
YP_535537.1	gnl|META|EG10159-MONOMER	3.9e-137	60.7	399	484.2	79.2	96.8
YP_535537.1	gnl|META|SYNPCC7942_2526-MONOMER	4.6e-130	55.6	428	460.7	71.3	96.8
YP_535538.1	gnl|META|6PGLUCONDEHYDROG-MONOMER	7.1e-191	68.5	470	662.9	84.0	99.2
YP_535538.1	gnl|META|MONOMER-6842	5.6e-188	67.4	469	653.3	84.2	99.2
YP_535539.1	gnl|META|GLYOXII-MONOMER	7.7e-03	36.4	44	38.5	59.1	7.9
YP_535539.1	gnl|META|MONOMER-14570	7.7e-03	23.0	139	38.5	46.8	18.1
YP_535542.1	gnl|META|EG11440-MONOMER	4.2e-14	34.4	157	74.3	52.9	84.4
YP_535543.1	gnl|META|MONOMER-13096	5.9e-10	23.1	221	61.2	46.6	69.4
YP_535544.1	gnl|META|HS02296-MONOMER	1.0e+00	30.2	86	28.9	46.5	83.5
YP_535545.1	gnl|META|EG10983-MONOMER	1.4e-20	29.9	234	96.3	47.4	87.6
YP_535546.1	gnl|META|EG10529-MONOMER	7.1e-42	28.8	511	168.3	46.6	77.2
YP_535547.1	gnl|META|MANX-MONOMER	8.2e-61	38.1	320	230.3	57.2	97.0
YP_535548.1	gnl|META|MANY-MONOMER	1.2e-57	50.6	245	219.5	71.0	91.7
YP_535549.1	gnl|META|MANZ-MONOMER	1.5e-80	50.8	305	295.8	67.5	99.3
YP_535550.1	gnl|META|EG10344-MONOMER	9.6e-40	31.8	396	160.6	52.3	97.2
YP_535551.1	gnl|META|MONOMER-13631	2.2e-307	47.0	1154	1051.2	65.9	99.8
YP_535551.1	gnl|META|HS10697-MONOMER	4.8e-302	47.2	1151	1033.5	64.2	99.8
YP_535553.1	gnl|META|EG10343-MONOMER	3.7e-18	29.0	183	87.8	52.5	98.4
YP_535554.1	gnl|META|PANTEPADENYLYLTRAN-MONOMER	7.6e-28	40.1	157	119.8	66.9	98.1
YP_535556.1	gnl|META|SAICARSYN-MONOMER	2.7e-45	42.7	227	178.3	61.2	95.8
YP_535558.1	gnl|META|YGR061C-MONOMER	1.4e-16	31.8	195	82.8	48.7	73.7
YP_535558.1	gnl|META|FGAMSYN-MONOMER	1.2e-15	28.7	251	79.7	43.8	95.5
YP_535559.1	gnl|META|FGAMSYN-MONOMER	2.1e-32	24.2	798	137.1	39.7	94.3
YP_535560.1	gnl|META|HS05157-MONOMER	2.4e-93	39.2	469	339.0	59.3	90.5
YP_535560.1	gnl|META|PRPPAMIDOTRANS-MONOMER	8.2e-86	38.4	495	313.9	58.0	97.7
YP_535561.1	gnl|META|HS08358-MONOMER	5.0e-93	48.5	342	337.4	68.7	98.8
YP_535561.1	gnl|META|AIRS-MONOMER	2.3e-90	48.4	341	328.6	67.7	98.8
YP_535561.1	gnl|META|YGL234W-MONOMER	2.2e-85	47.3	336	312.0	66.4	96.2
YP_535562.1	gnl|META|HS08358-MONOMER	2.9e-29	32.6	187	124.8	55.6	95.9
YP_535562.1	gnl|META|GART-MONOMER	7.1e-28	29.6	186	120.2	53.8	95.4
YP_535563.1	gnl|META|AICARTRANSIMPCYCLO-CPLX	4.9e-129	46.3	536	457.6	64.4	100.0
YP_535564.1	gnl|META|GLYCRIBONUCSYN-MONOMER	3.4e-88	43.6	427	321.6	59.7	99.0
YP_535566.1	gnl|META|CARDIOLIPSYN-MONOMER	6.6e-46	26.2	492	181.4	47.0	97.6
YP_535569.1	gnl|META|EG12115-MONOMER	1.3e-25	28.5	228	112.8	51.8	99.6
YP_535570.1	gnl|META|ARGS-MONOMER	5.1e-79	33.4	587	291.6	53.5	100.0
YP_535572.1	gnl|META|YHR144C-MONOMER	2.2e-19	35.2	142	91.7	53.5	86.1
YP_535575.1	gnl|META|MONOMER-14625	2.3e-45	33.6	345	179.1	54.5	94.3
YP_535576.1	gnl|META|MONOMER-18243	4.3e-15	29.3	334	78.6	44.0	91.8
YP_535577.1	gnl|META|AT2G38700-MONOMER	5.0e-39	35.5	318	157.9	53.8	89.4
YP_535577.1	gnl|META|ENSG00000167508-MONOMER	4.4e-35	32.7	324	144.8	48.1	92.2
YP_535578.1	gnl|META|MONOMER-18243	3.1e-17	25.9	294	85.5	44.9	93.3
YP_535579.1	gnl|META|EG11357-MONOMER	4.7e-21	22.4	692	99.8	43.9	70.1
YP_535581.1	gnl|META|MONOMER-18938	7.5e-61	36.2	392	230.7	56.4	99.0
YP_535581.1	gnl|META|MONOMER-13008	7.0e-59	34.6	376	224.2	58.5	93.9
YP_535582.1	gnl|META|ASNS-MONOMER	1.8e-76	36.0	453	282.7	56.1	97.2
YP_535584.1	gnl|META|EG10662-MONOMER	5.3e-37	41.7	192	150.6	58.9	90.1
YP_535585.1	gnl|META|EG11433-MONOMER	7.6e-34	44.5	155	139.8	60.0	88.4
YP_535587.1	gnl|META|EG11983-MONOMER	2.1e-43	34.7	326	172.6	54.0	95.8
YP_535588.1	gnl|META|MONOMER3O-703	6.0e-06	31.2	112	47.8	48.2	38.4
YP_535589.1	gnl|META|MONOMER-19974	3.8e-23	36.2	221	105.1	49.3	64.4
YP_535589.1	gnl|META|BSU35680-MONOMER	8.4e-23	45.5	112	104.0	69.6	34.6
YP_535589.1	gnl|META|EG11266-MONOMER	1.6e-21	40.8	120	99.8	65.8	38.1
YP_535589.1	gnl|META|MONOMER-20013	1.6e-21	26.5	321	99.8	46.4	98.7
YP_535593.1	gnl|META|EG10920-MONOMER	1.3e-07	57.4	54	51.2	70.4	88.5
YP_535598.1	gnl|META|MONOMER-6568	2.0e-62	45.4	262	235.3	66.4	99.6
YP_535599.1	gnl|META|EG10690-MONOMER	7.7e-29	32.4	281	124.4	50.2	66.6
YP_535600.1	gnl|META|MONOMER-17076	6.0e-52	29.2	544	201.8	49.6	80.0
YP_535601.1	gnl|META|G185E-7013-MONOMER	4.2e-86	51.9	312	314.3	62.8	98.1
YP_535601.1	gnl|META|THYMIDYLATESYN-MONOMER	2.3e-84	49.2	311	308.5	63.3	97.8
YP_535602.1	gnl|META|DIHYDROFOLATEREDUCT-MONOMER	2.1e-20	33.5	167	95.1	52.1	100.0
YP_535603.1	gnl|META|BSU33400-MONOMER	5.4e-77	51.5	268	283.9	69.4	93.4
YP_535605.1	gnl|META|G6958-MONOMER	2.3e-20	23.6	331	95.9	42.3	95.0
YP_535610.1	gnl|META|G7319-MONOMER	6.1e-04	39.6	53	41.2	62.3	17.5
YP_535611.1	gnl|META|EG10861-MONOMER	2.8e-40	47.6	185	161.8	68.1	72.2
YP_535612.1	gnl|META|ENSG00000164134-MONOMER	9.7e-02	37.5	64	33.9	50.0	22.4
YP_535613.1	gnl|META|EG11013-MONOMER	1.2e-133	38.5	738	473.4	56.1	96.9
YP_535614.1	gnl|META|EG10375-MONOMER	9.3e-12	41.1	90	67.8	57.8	20.6
YP_535615.1	gnl|META|SGCC-MONOMER	4.0e-29	24.5	388	125.6	49.0	82.4
YP_535617.1	gnl|META|BSU02750-MONOMER	3.4e-34	36.5	211	141.7	62.1	69.7
YP_535619.1	gnl|META|SYNPCC7942_0485-MONOMER	1.4e-11	26.3	175	66.2	45.1	77.1
YP_535619.1	gnl|META|GPMA-MONOMER	3.9e-11	26.6	203	64.7	45.8	79.8
YP_535621.1	gnl|META|EG10826-MONOMER	8.9e-32	27.8	526	135.2	42.0	54.9
YP_535676.1	gnl|META|MONOMER-11779	1.2e-01	24.6	126	34.7	41.3	21.4
YP_535678.1	gnl|META|SYNPCC7942_1554-MONOMER	1.4e-12	32.9	140	69.7	57.9	53.8
YP_535681.1	gnl|META|MONOMER-20716	9.6e-01	34.2	38	29.3	57.9	33.3
YP_535698.1	gnl|META|EG10246-MONOMER	9.9e-11	35.3	133	64.3	51.1	29.1
YP_535703.1	gnl|META|MONOMER-16328	4.1e-12	23.7	257	68.2	47.5	96.8
YP_535703.1	gnl|META|G7845-MONOMER	1.3e-10	32.9	140	63.2	50.0	54.5
YP_535706.1	gnl|META|PHES-MONOMER	4.1e-87	48.8	338	317.8	65.4	97.1
YP_535707.1	gnl|META|PHET-MONOMER	7.4e-132	35.1	810	467.6	56.7	100.0
YP_535708.1	gnl|META|EG11494-MONOMER	1.0e-22	29.3	317	104.0	47.9	80.2
YP_535709.1	gnl|META|UDK-MONOMER	8.7e-56	52.4	208	213.0	71.6	95.8
YP_535712.1	gnl|META|AT2G36310-MONOMER	1.2e-45	36.0	289	179.9	56.4	89.7
YP_535712.1	gnl|META|G6358-MONOMER	2.8e-42	31.2	308	168.7	54.5	95.9
YP_535714.1	gnl|META|EG12366-MONOMER	2.7e-16	28.1	221	82.0	44.8	90.9
YP_535715.1	gnl|META|SPOT-MONOMER	8.6e-151	39.4	721	530.4	59.5	97.2
YP_535715.1	gnl|META|RELA-MONOMER	3.7e-138	36.1	725	488.4	57.1	95.8
YP_535716.1	gnl|META|EG11852-MONOMER	1.8e-36	53.6	140	148.3	71.4	94.6
YP_535717.1	gnl|META|GPH-MONOMER	2.1e-06	23.4	197	48.9	41.6	83.8
YP_535717.1	gnl|META|MONOMER-15574	1.0e-05	34.6	78	46.6	59.0	35.3
YP_535718.1	gnl|META|EG10548-MONOMER	1.6e-11	32.4	145	65.5	55.2	93.2
YP_535719.1	gnl|META|EG12098-MONOMER	4.5e-58	42.0	295	221.1	62.0	94.3
YP_535720.1	gnl|META|HYPOXANPRIBOSYLTRAN-MONOMER	9.0e-06	25.8	155	46.6	52.9	86.0
YP_535720.1	gnl|META|MONOMER-15863	1.5e-05	35.3	68	45.8	61.8	37.6
YP_535721.1	gnl|META|URAA-MONOMER	4.3e-94	44.7	407	341.3	67.3	92.9
YP_535722.1	gnl|META|BSU15510-MONOMER	3.5e-89	43.0	363	324.7	63.4	98.9
YP_535723.1	gnl|META|BSU15550-MONOMER	8.8e-57	50.6	235	216.5	66.4	98.7
YP_535724.1	gnl|META|BSU15560-MONOMER	1.2e-62	57.6	205	235.7	72.2	98.5
YP_535725.1	gnl|META|PD00232	6.4e-02	17.9	251	34.7	40.6	76.7
YP_535728.1	gnl|META|MONOMER-18938	3.8e-57	33.6	357	218.4	56.9	91.5
YP_535728.1	gnl|META|MONOMER-11821	8.1e-52	33.2	368	200.7	54.1	92.2
YP_535729.1	gnl|META|G185E-5517-MONOMER	9.2e-36	31.9	226	146.7	57.1	87.5
YP_535729.1	gnl|META|MONOMER-15462	1.4e-31	30.5	233	132.9	52.8	89.8
YP_535732.1	gnl|META|G6488-MONOMER	3.2e-45	30.5	367	178.7	49.9	95.2
YP_535735.1	gnl|META|MONOMER-13114	2.0e-192	59.8	552	668.3	76.8	99.5
YP_535735.1	gnl|META|FORMYLSYNTHCLTH-MONOMER	1.8e-190	59.0	553	661.8	76.7	99.6
YP_535735.1	gnl|META|MONOMER-3942	3.0e-177	56.0	554	617.8	74.4	99.6
YP_535739.1	gnl|META|BSU25180-MONOMER	1.4e-46	43.9	237	182.6	60.8	99.6
YP_535741.1	gnl|META|EG11549-MONOMER	2.0e-104	50.6	411	375.6	67.2	99.0
YP_535744.1	gnl|META|ENSG00000147162-MONOMER	2.2e-02	27.8	79	36.6	54.4	18.2
YP_535745.1	gnl|META|HISS-MONOMER	1.1e-86	40.4	411	316.6	62.0	94.7
YP_535746.1	gnl|META|ASPS-MONOMER	4.7e-160	50.0	588	560.8	70.1	98.3
YP_535746.1	gnl|META|MONOMER-14053	7.1e-148	46.3	581	520.4	65.6	98.1
YP_535749.1	gnl|META|DIAMINOPIMEPIM-MONOMER	2.2e-18	29.1	244	89.4	47.5	72.9
YP_535750.1	gnl|META|G185E-5891-MONOMER	1.1e-16	30.7	163	82.8	50.9	91.0
YP_535752.1	gnl|META|EG11090-MONOMER	1.1e-53	47.4	228	206.1	67.5	100.0
YP_535752.1	gnl|META|MONOMER-14562	3.1e-51	46.9	228	198.0	66.7	99.6
YP_535752.1	gnl|META|MONOMER-1290	8.5e-49	42.4	229	189.9	63.8	100.0
YP_535753.1	gnl|META|G3O-29283-MONOMER	1.7e-65	40.5	380	246.1	58.2	98.9
YP_535753.1	gnl|META|HS01304-MONOMER	8.2e-65	37.3	383	243.8	57.7	100.0
YP_535753.1	gnl|META|MONOMER-20127	1.8e-64	38.9	370	242.7	61.1	96.8
YP_535753.1	gnl|META|G7325-MONOMER	4.0e-59	39.7	380	224.9	57.1	98.7
YP_535755.1	gnl|META|EG11344-MONOMER	2.0e-116	57.3	358	415.2	72.6	94.9
YP_535756.1	gnl|META|SYNPCC7942_0260-MONOMER	1.3e-185	42.5	857	646.4	62.4	97.2
YP_535758.1	gnl|META|EG10238-MONOMER	2.0e-164	32.3	1163	576.2	52.7	99.9
YP_535759.1	gnl|META|MONOMER-13044	1.1e-102	60.3	302	369.4	76.5	94.1
YP_535760.1	gnl|META|SYNPCC7942_0098-MONOMER	5.2e-135	44.3	585	477.6	65.0	99.8
YP_535760.1	gnl|META|MONOMER-13043	5.4e-132	50.8	500	467.6	66.4	80.5
YP_535763.1	gnl|META|MONOMER-14087	3.0e-45	48.8	201	177.9	67.7	92.7
YP_535764.1	gnl|META|EG10424-MONOMER	6.2e-140	39.3	804	494.2	52.1	93.5
YP_535765.1	gnl|META|EG10423-MONOMER	1.7e-131	34.7	838	466.5	55.4	98.6
YP_535768.1	gnl|META|G1I0R-1336-MONOMER	2.0e-32	33.0	282	136.0	50.4	91.0
YP_535769.1	gnl|META|EG10530-MONOMER	7.6e-06	23.1	234	47.0	36.8	83.1
YP_535771.1	gnl|META|GLYOHMETRANS-MONOMER	6.6e-140	58.7	414	493.4	75.4	98.8
YP_535771.1	gnl|META|MONOMER-8567	1.5e-139	60.2	412	492.3	75.5	97.1
YP_535771.1	gnl|META|MONOMER-4244	1.6e-133	59.0	412	472.2	74.0	97.4
YP_535775.1	gnl|META|BSU02750-MONOMER	2.4e-27	30.8	227	119.0	55.1	73.2
YP_535775.1	gnl|META|YHBG-MONOMER	5.0e-25	25.9	232	111.3	55.6	75.5
YP_535779.1	gnl|META|G7319-MONOMER	1.6e-88	39.5	456	322.8	59.4	97.9
YP_535780.1	gnl|META|EG10900-MONOMER	5.1e-57	35.1	362	218.0	59.9	90.0
YP_535781.1	gnl|META|MONOMER-10862	5.1e-17	39.5	119	83.6	60.5	83.9
YP_535782.1	gnl|META|MONOMER-20022	5.4e-81	38.2	422	297.7	59.5	98.1
YP_535783.1	gnl|META|MONOMER-19972	1.2e-12	45.6	68	68.2	70.6	90.7
YP_535783.1	gnl|META|BSU38520-MONOMER	1.2e-12	45.6	68	68.2	70.6	90.7
YP_535784.1	gnl|META|MONOMER-20021	2.2e-116	51.0	404	415.2	72.0	98.8
YP_535785.1	gnl|META|MONOMER-20020	4.8e-145	50.0	516	510.8	68.8	99.8
YP_535788.1	gnl|META|EG10270-MONOMER	2.4e-59	39.7	295	225.3	62.7	97.7
YP_535789.1	gnl|META|DIACYLGLYKIN-MONOMER	5.7e-08	36.9	103	53.5	59.2	74.6
YP_535792.1	gnl|META|G7458-MONOMER	1.1e-16	28.0	218	83.6	45.0	61.0
YP_535792.1	gnl|META|NACMURLALAAMI1-MONOMER	9.0e-16	27.4	219	80.5	42.9	61.3
YP_535793.1	gnl|META|CMPKI-MONOMER	8.6e-38	39.8	216	153.3	60.6	96.4
YP_535793.1	gnl|META|MONOMER-573	4.4e-34	42.3	208	141.0	58.2	92.4
YP_535795.1	gnl|META|EG10833-MONOMER	4.4e-63	37.9	388	238.4	56.7	79.0
YP_535797.1	gnl|META|YFEP-MONOMER	2.8e-47	32.1	445	186.0	52.4	84.1
YP_535802.1	gnl|META|RPOD-MONOMER	1.4e-88	62.8	269	322.8	78.1	71.5
YP_535803.1	gnl|META|EG10239-MONOMER	8.4e-67	38.0	379	251.1	56.2	60.8
YP_535804.1	gnl|META|GLYS-MONOMER	3.9e-105	34.3	689	378.6	52.8	97.7
YP_535805.1	gnl|META|GLYQ-MONOMER	6.1e-103	60.2	294	370.2	75.9	94.4
YP_535807.1	gnl|META|CELB-MONOMER	9.3e-07	33.9	109	51.2	48.6	24.3
YP_535815.1	gnl|META|G6954-MONOMER	3.6e-06	42.2	64	48.1	59.4	28.9
YP_535815.1	gnl|META|AT1G68760-MONOMER	1.0e-05	35.2	71	46.6	52.1	32.8
YP_535817.1	gnl|META|MALTACETYLTRAN-MONOMER	6.2e-30	37.1	178	127.1	53.4	84.8
YP_535817.1	gnl|META|GALACTOACETYLTRAN-MONOMER	1.7e-27	34.1	182	119.0	51.6	85.7
YP_535822.1	gnl|META|BSU14520-MONOMER	2.2e-109	38.0	582	392.5	60.5	99.3
YP_535823.1	gnl|META|HS07501-MONOMER	1.4e-01	29.5	44	32.7	61.4	24.0
YP_535826.1	gnl|META|MONOMER-15456	8.2e-96	36.9	628	347.8	56.4	78.2
YP_535831.1	gnl|META|EG11921-MONOMER	4.1e-33	32.9	240	137.9	60.0	98.3
YP_535831.1	gnl|META|EG12433-MONOMER	1.0e-31	36.5	249	133.3	56.6	98.3
YP_535831.1	gnl|META|EG12044-MONOMER	2.5e-30	33.1	236	128.6	55.5	96.3
YP_535839.1	gnl|META|EG11881-MONOMER	5.0e-112	46.0	465	401.0	67.3	99.1
YP_535840.1	gnl|META|EG11676-MONOMER	1.2e-47	58.3	175	185.7	75.4	100.0
YP_535842.1	gnl|META|MONOMER-19407	2.6e-53	38.7	300	205.7	55.3	75.2
YP_535842.1	gnl|META|CFA-MONOMER	5.7e-53	37.7	350	204.5	53.1	87.7
YP_535842.1	gnl|META|G185E-4787-MONOMER	3.2e-48	37.8	278	188.7	55.4	67.5
YP_535843.1	gnl|META|G7123-MONOMER	1.8e-04	25.0	180	43.1	41.1	55.9
YP_535843.1	gnl|META|AT4G21540-MONOMER	6.8e-04	29.9	117	41.2	47.0	33.8
YP_535847.1	gnl|META|EG50002-MONOMER	5.7e-20	59.3	81	92.8	74.1	86.0
YP_535849.1	gnl|META|EG50001-MONOMER	2.0e-18	43.7	103	87.8	65.0	100.0
YP_535857.1	gnl|META|MONOMER-3422	9.3e-01	36.4	33	30.0	66.7	17.6
YP_535858.1	gnl|META|MONOMER-13182	2.2e-31	28.4	317	132.5	48.6	95.0
YP_535858.1	gnl|META|G185E-7913-MONOMER	5.0e-31	32.0	309	131.3	49.2	95.6
YP_535858.1	gnl|META|MONOMER-13183	4.2e-30	28.4	320	128.3	51.6	95.3
YP_535858.1	gnl|META|MONOMER-13189	8.8e-28	26.0	334	120.6	45.8	95.6
YP_535863.1	gnl|META|AT1G23740-MONOMER	2.1e-32	33.7	312	136.0	51.0	90.4
YP_535863.1	gnl|META|MONOMER-14068	3.4e-30	30.8	341	128.6	45.7	98.5
YP_535866.1	gnl|META|G7868-MONOMER	1.9e-42	36.4	280	169.1	54.3	97.5
YP_535868.1	gnl|META|SYNPCC7942_0579-MONOMER	1.1e-05	35.4	65	47.4	56.9	15.6
YP_535869.1	gnl|META|MONOMER-19980	1.0e-06	26.2	122	50.8	47.5	31.4
YP_535870.1	gnl|META|MONOMER-18145	1.9e-131	57.3	412	465.3	74.0	99.0
YP_535870.1	gnl|META|UGD-MONOMER	1.5e-128	56.6	412	455.7	74.8	99.0
YP_535871.1	gnl|META|MONOMER-18144	1.0e-128	60.7	356	456.1	78.1	98.1
YP_535873.1	gnl|META|MONOMER-17322	3.3e-07	22.6	279	52.4	41.2	72.0
YP_535877.1	gnl|META|MONOMER-17334	2.2e-12	27.5	189	69.3	49.7	62.7
YP_535878.1	gnl|META|MONOMER-15964	4.1e-08	22.0	245	55.1	41.6	81.6
YP_535879.1	gnl|META|MONOMER-20063	5.6e-18	26.8	332	88.2	46.7	85.1
YP_535880.1	gnl|META|BSU35730-MONOMER	9.9e-18	23.8	239	87.4	46.9	60.5
YP_535880.1	gnl|META|BSU22460-MONOMER	4.9e-17	29.3	208	85.1	51.4	53.4
YP_535880.1	gnl|META|MONOMER-20014	4.2e-16	22.7	392	82.0	44.4	99.7
YP_535881.1	gnl|META|MONOMER-20014	1.7e-17	26.1	303	86.7	44.9	76.7
YP_535881.1	gnl|META|BSU22460-MONOMER	9.3e-16	29.0	207	80.9	49.8	53.1
YP_535882.1	gnl|META|MONOMER-17339	2.3e-40	31.6	374	162.5	51.3	97.5
YP_535883.1	gnl|META|MONOMER-17320	5.5e-12	26.8	198	67.4	40.9	97.4
YP_535884.1	gnl|META|MONOMER-17321	1.7e-59	55.6	198	225.3	76.8	92.1
YP_535885.1	gnl|META|MONOMER-17319	9.9e-69	38.3	386	256.9	58.8	96.2
YP_535886.1	gnl|META|MONOMER-17336	8.8e-96	35.7	580	347.4	59.1	90.1
YP_535886.1	gnl|META|MONOMER-18152	2.5e-95	44.0	443	345.9	63.2	67.2
YP_535887.1	gnl|META|EG11826-MONOMER	2.2e-30	36.5	203	128.6	58.1	91.4
YP_535887.1	gnl|META|G7105-MONOMER	4.7e-28	32.2	205	120.9	55.6	91.8
YP_535888.1	gnl|META|EG11826-MONOMER	9.9e-03	24.0	167	37.0	47.9	67.2
YP_535889.1	gnl|META|MONOMER-15932	9.0e-03	31.8	85	36.6	48.2	49.7
YP_535889.1	gnl|META|HP0327-MONOMER	3.4e-02	36.7	49	34.7	57.1	28.7
YP_535890.1	gnl|META|G7008-MONOMER	8.4e-40	27.0	460	161.0	44.8	94.5
YP_535892.1	gnl|META|G7853-MONOMER	1.3e-26	28.1	249	116.3	46.6	96.9
YP_535893.1	gnl|META|EG11195-MONOMER	5.7e-20	29.7	283	94.4	43.1	98.9
YP_535895.1	gnl|META|MONOMER-6601	7.5e-139	55.5	422	490.0	72.7	98.1
YP_535896.1	gnl|META|BSU37540-MONOMER	4.7e-10	49.1	55	59.3	76.4	88.7
YP_535896.1	gnl|META|MONOMER-15109	2.3e-09	38.7	62	57.0	74.2	100.0
YP_535896.1	gnl|META|MONOMER-12750	8.9e-09	36.7	60	55.1	70.0	96.8
YP_535901.1	gnl|META|MONOMER-18513	6.4e-170	43.0	716	594.0	60.3	95.8
YP_535903.1	gnl|META|EG11207-MONOMER	3.3e-22	43.0	128	100.9	59.4	87.7
YP_535904.1	gnl|META|EG12045-MONOMER	1.5e-20	25.6	352	98.2	46.3	32.9
YP_535905.1	gnl|META|EG10626-MONOMER	5.3e-09	35.6	87	57.0	59.8	61.4
YP_535907.1	gnl|META|G7314-MONOMER	9.0e-04	26.7	131	40.4	51.1	51.6
YP_535910.1	gnl|META|MONOMER-19315	1.0e-23	27.7	376	107.5	45.7	88.0
YP_535911.1	gnl|META|AT5G51820-MONOMER	3.0e-01	32.8	67	32.7	47.8	16.0
YP_535915.1	gnl|META|G6784-MONOMER	3.1e-14	26.6	184	75.9	50.5	45.3
YP_535915.1	gnl|META|EG12880-MONOMER	2.6e-13	31.2	157	72.8	47.8	39.4
YP_535916.1	gnl|META|EG11724-MONOMER	1.9e-54	32.9	419	209.5	54.9	95.6
YP_535916.1	gnl|META|EG11691-MONOMER	2.0e-51	31.9	420	199.5	54.3	95.6
YP_535917.1	gnl|META|BSU12290-MONOMER	6.9e-62	34.4	390	234.2	55.1	96.3
YP_535918.1	gnl|META|MONOMER-13813	1.9e-16	26.7	255	82.8	48.2	84.4
YP_535919.1	gnl|META|MONOMER-13770	2.0e-38	30.8	321	156.0	53.3	97.6
YP_535919.1	gnl|META|MONOMER-13829	9.7e-38	34.8	316	153.7	53.2	94.8
YP_535920.1	gnl|META|CYDC-MONOMER	5.9e-54	28.0	568	208.4	49.5	95.4
YP_535921.1	gnl|META|CYDD-MONOMER	1.9e-68	32.3	558	256.5	52.3	94.6
YP_535922.1	gnl|META|BSU38750-MONOMER	1.4e-84	48.8	330	309.3	69.4	97.3
YP_535923.1	gnl|META|BSU38760-MONOMER	4.5e-137	52.5	472	484.2	70.1	100.0
YP_535924.1	gnl|META|ASNSYNA-MONOMER	4.1e-84	52.1	313	307.8	64.5	90.2
YP_535929.1	gnl|META|YCL050C-MONOMER	1.7e-05	28.0	132	46.2	47.0	48.6
YP_535931.1	gnl|META|MONOMER-17448	5.5e-01	24.6	69	31.6	49.3	21.0
YP_535933.1	gnl|META|ILES-MONOMER	1.1e-222	45.0	934	769.6	60.9	98.3
YP_535939.1	gnl|META|MONOMER-343	7.9e-01	34.3	35	31.6	71.4	7.5
YP_535941.1	gnl|META|G185E-6361-MONOMER	1.7e-35	28.9	367	146.4	47.7	97.3
YP_535941.1	gnl|META|NACGLCTRANS-MONOMER	6.5e-35	29.6	358	144.4	50.0	97.0
YP_535941.1	gnl|META|MONOMER-12258	1.6e-33	27.2	356	139.8	48.9	95.9
YP_535942.1	gnl|META|MONOMER-12256	1.7e-112	49.9	437	402.5	66.8	95.4
YP_535943.1	gnl|META|MONOMER-12257	2.3e-76	47.8	318	282.0	67.0	97.2
YP_535944.1	gnl|META|MONOMER-15471	2.2e-119	36.5	699	426.0	55.5	96.2
YP_535946.1	gnl|META|EG11085-MONOMER	1.8e-65	43.4	316	245.7	64.2	99.7
YP_535949.1	gnl|META|BSU16760-MONOMER	3.0e-110	51.4	403	394.8	70.7	99.2
YP_535951.1	gnl|META|MONOMER-20460	7.3e-03	30.6	108	37.7	43.5	30.9
YP_535952.1	gnl|META|G7039-MONOMER	4.2e-29	32.2	233	124.8	53.2	81.1
YP_535952.1	gnl|META|ARTJ-MONOMER	4.3e-26	28.6	227	114.8	52.0	78.9
YP_535953.1	gnl|META|GLNQ-MONOMER	1.4e-50	48.8	207	195.7	69.6	96.7
YP_535953.1	gnl|META|GLTL-MONOMER	3.3e-47	44.4	207	184.5	66.7	96.7
YP_535953.1	gnl|META|EG12347-MONOMER	1.3e-46	45.3	212	182.6	64.2	96.2
YP_535954.1	gnl|META|G7037-MONOMER	6.3e-30	37.3	204	127.1	57.8	95.3
YP_535954.1	gnl|META|GLNP-MONOMER	7.7e-28	37.4	203	120.2	61.1	93.9
YP_535955.1	gnl|META|MONOMER-19725	1.0e-05	25.0	172	47.0	45.3	60.7
YP_535959.1	gnl|META|EG12130-MONOMER	1.2e-06	24.1	257	50.4	40.9	62.7
YP_535962.1	gnl|META|MONOMER-4801	1.0e-50	31.7	435	197.2	47.8	94.5
YP_535963.1	gnl|META|VALS-MONOMER	1.1e-216	41.5	943	749.6	60.7	97.9
YP_535964.1	gnl|META|BSU29580-MONOMER	1.1e-115	52.7	383	412.9	73.4	94.6
YP_535965.1	gnl|META|BSU29590-MONOMER	3.1e-80	42.9	368	295.0	63.6	96.1
YP_535967.1	gnl|META|G7005-MONOMER	6.1e-40	56.3	142	159.8	74.6	95.3
YP_535968.1	gnl|META|EG10903-MONOMER	7.2e-44	48.6	208	173.3	65.4	100.0
YP_535970.1	gnl|META|EG10924-MONOMER	1.0e-07	30.1	123	54.3	53.7	27.4
YP_535973.1	gnl|META|EG10986-MONOMER	2.4e-46	49.4	178	181.4	63.5	97.3
YP_535974.1	gnl|META|DALADALALIGA-MONOMER	3.3e-74	40.0	365	275.0	63.6	93.7
YP_535975.1	gnl|META|G7248-MONOMER	7.3e-55	36.0	344	210.7	57.6	93.8
YP_535979.1	gnl|META|MONOMER-15472	1.1e-86	32.3	660	317.4	51.8	94.0
YP_535981.1	gnl|META|ADENPRIBOSYLTRAN-MONOMER	2.3e-46	55.7	158	181.4	71.5	91.9
YP_535982.1	gnl|META|EG10830-MONOMER	4.3e-68	32.6	586	255.8	51.9	71.3
YP_535983.1	gnl|META|HS04306-MONOMER	2.0e-28	33.5	221	122.5	56.6	79.6
YP_535983.1	gnl|META|MONOMER-15957	4.1e-26	32.6	230	114.8	54.8	83.3
YP_535984.1	gnl|META|G7175-MONOMER	4.9e-79	48.1	308	290.8	65.9	96.8
YP_535988.1	gnl|META|EG11404-MONOMER	9.8e-14	28.8	219	74.3	47.0	42.6
YP_535989.1	gnl|META|EG11063-MONOMER	1.2e-91	36.7	607	333.6	55.0	98.5
YP_535990.1	gnl|META|MONOMER-3821	6.1e-53	36.7	283	204.1	59.4	88.4
YP_535993.1	gnl|META|G7530-MONOMER	5.1e-42	44.8	192	167.2	62.0	95.0
YP_535995.1	gnl|META|RED-THIOREDOXIN-MONOMER	3.7e-20	42.2	102	93.6	66.7	97.1
YP_535995.1	gnl|META|RED-THIOREDOXIN2-MONOMER	1.7e-17	45.5	88	84.7	65.9	84.5
YP_535996.1	gnl|META|EG10625-MONOMER	4.5e-25	26.3	327	112.8	45.0	40.7
YP_536000.1	gnl|META|G7525-MONOMER	1.5e-11	29.3	133	65.5	53.4	93.0
YP_536002.1	gnl|META|ALAS-MONOMER	2.0e-199	43.4	892	692.2	61.5	99.4
YP_536003.1	gnl|META|EG10210-MONOMER	1.1e-52	33.9	345	203.8	54.2	78.4
YP_536003.1	gnl|META|EG10844-MONOMER	4.2e-52	32.8	378	201.8	54.0	83.9
YP_536004.1	gnl|META|G1I0R-1684-MONOMER	3.0e-63	43.9	296	238.4	62.2	91.0
YP_536005.1	gnl|META|MONOMER-13473	1.4e-115	53.3	394	412.5	71.8	98.2
YP_536005.1	gnl|META|MONOMER-428	3.8e-113	52.2	400	404.4	72.2	99.2
YP_536005.1	gnl|META|ACKCLOS-MONOMER	2.5e-112	51.2	400	401.7	71.0	99.5
YP_536005.1	gnl|META|MONOMER-20612	1.0e-110	51.4	397	396.4	69.5	99.0
YP_536007.1	gnl|META|MONOMER0-561	3.0e-06	32.0	103	49.7	47.6	19.0
YP_536008.1	gnl|META|MONOMER0-561	1.9e-15	25.5	220	79.3	42.3	79.9
YP_536008.1	gnl|META|HDRDMBARK-MONOMER	1.2e-14	24.3	247	76.6	44.5	88.8
YP_536009.1	gnl|META|YHFM-MONOMER	2.8e-17	27.3	421	86.3	44.7	85.1
YP_536014.1	gnl|META|G12WB-2962-MONOMER	2.6e-151	65.6	369	531.2	82.7	96.9
YP_536015.1	gnl|META|G12WB-2964-MONOMER	1.3e-117	57.3	342	419.1	76.6	98.6
YP_536016.1	gnl|META|EG10924-MONOMER	4.8e-109	56.1	330	390.6	76.4	98.2
YP_536017.1	gnl|META|EG10923-MONOMER	2.5e-28	37.1	197	121.7	59.4	96.0
YP_536018.1	gnl|META|EG11281-MONOMER	9.0e-51	37.0	359	198.0	54.3	53.6
YP_536019.1	gnl|META|EG10625-MONOMER	2.8e-161	40.6	796	565.5	62.1	89.7
YP_536020.1	gnl|META|MONOMER-16557	1.1e-03	25.7	171	41.2	44.4	27.1
YP_536021.1	gnl|META|EG10823-MONOMER	2.7e-108	59.9	322	388.3	77.6	84.5
YP_536022.1	gnl|META|MONOMER-20005	8.0e-40	47.9	190	159.8	68.4	96.9
YP_536024.1	gnl|META|3-OXOACYL-ACP-REDUCT-MONOMER	8.2e-26	32.3	235	113.6	52.3	97.5
YP_536025.1	gnl|META|MONOMER3O-79	9.6e-01	31.7	63	31.2	52.4	12.7
YP_536026.1	gnl|META|G7704-MONOMER	5.8e-01	38.5	52	32.7	61.5	6.6
YP_536027.1	gnl|META|EG11888-MONOMER	2.9e-30	45.2	155	127.9	63.9	90.0
YP_536028.1	gnl|META|EG12207-MONOMER	1.1e-26	31.5	257	116.7	46.3	86.2
YP_536030.1	gnl|META|GMP-REDUCT-MONOMER	4.7e-45	33.6	324	177.9	53.1	93.5
YP_536031.1	gnl|META|GLTP-MONOMER	6.5e-103	49.2	423	370.5	72.1	97.4
YP_536035.1	gnl|META|PHOSGLUCOSAMINEMUT-MONOMER	1.3e-93	44.3	447	339.7	62.0	98.4
YP_536039.1	gnl|META|MONOMER-12254	7.4e-85	52.2	293	310.1	71.0	98.0
YP_536040.1	gnl|META|EG10243-MONOMER	4.8e-07	27.9	147	50.8	44.9	78.0
YP_536041.1	gnl|META|EG11757-MONOMER	7.1e-20	39.4	132	93.2	56.8	87.3
YP_536042.1	gnl|META|MONOMER-13062	1.3e-119	67.3	324	425.6	78.1	99.7
YP_536043.1	gnl|META|EG11058-MONOMER	1.2e-63	52.5	223	239.2	69.5	94.4
YP_536044.1	gnl|META|BSU04040-MONOMER	1.0e-30	33.6	280	130.2	50.4	96.2
YP_536047.1	gnl|META|EG11259-MONOMER	4.1e-122	36.2	719	435.3	57.3	89.0
YP_536049.1	gnl|META|YADQ-MONOMER	2.1e-39	32.1	424	159.8	53.5	79.7
YP_536051.1	gnl|META|BAES-MONOMER	2.7e-31	27.4	332	132.9	50.6	66.3
YP_536052.1	gnl|META|CPXR-MONOMER	2.7e-29	35.3	232	125.2	56.9	96.2
YP_536053.1	gnl|META|G6115-MONOMER	3.4e-52	37.0	349	201.8	58.5	96.4
YP_536054.1	gnl|META|MONOMER-13054	5.8e-195	77.0	443	676.4	86.9	100.0
YP_536055.1	gnl|META|MONOMER-13051	1.1e-110	76.8	250	395.6	88.0	99.6
YP_536056.1	gnl|META|MONOMER-13053	1.9e-176	77.7	403	614.8	86.8	100.0
YP_536057.1	gnl|META|MONOMER-13052	1.1e-137	73.2	340	485.7	83.5	99.7
YP_536059.1	gnl|META|EG10158-MONOMER	6.6e-66	60.1	193	246.5	81.3	98.0
YP_536059.1	gnl|META|SYNPCC7942_1554-MONOMER	7.8e-59	56.0	191	223.0	77.0	97.0
YP_536061.1	gnl|META|MONOMER-12181	3.6e-03	23.3	236	38.9	41.5	63.2
YP_536063.1	gnl|META|MONOMER-19875	4.5e-04	26.2	122	41.2	45.1	49.8
YP_536063.1	gnl|META|MONOMER-19868	7.8e-04	28.3	127	40.4	45.7	51.6
YP_536063.1	gnl|META|G3O-32155-MONOMER	2.9e-03	29.0	62	38.5	51.6	29.1
YP_536064.1	gnl|META|EG12712-MONOMER	9.3e-31	40.8	147	129.4	63.3	91.0
YP_536064.1	gnl|META|HP0105-MONOMER	3.3e-28	39.6	139	120.9	63.3	89.1
YP_536065.1	gnl|META|EG11061-MONOMER	3.0e-310	55.9	940	1060.4	74.0	99.0
YP_536066.1	gnl|META|EG11062-MONOMER	4.3e-218	58.7	663	753.8	75.0	98.0
YP_536067.1	gnl|META|MONOMER-6122	3.4e-171	49.0	576	597.8	70.8	100.0
YP_536068.1	gnl|META|EG12128-MONOMER	5.0e-16	27.6	275	81.3	45.8	93.3
YP_536072.1	gnl|META|BARA-MONOMER	9.8e-28	31.9	238	120.9	57.1	49.5
YP_536072.1	gnl|META|PHOR-MONOMER	2.2e-27	28.5	239	119.8	58.2	51.6
YP_536072.1	gnl|META|ARCB-MONOMER	7.0e-26	29.4	248	114.8	54.8	51.4
YP_536073.1	gnl|META|CPXR-MONOMER	4.9e-36	37.6	234	147.5	58.5	97.9
YP_536074.1	gnl|META|EG10463-MONOMER	5.7e-02	36.4	44	35.0	63.6	11.7
YP_536076.1	gnl|META|EG12354-MONOMER	3.8e-03	30.7	101	38.9	44.6	21.7
YP_536078.1	gnl|META|B1791-MONOMER	1.8e-35	30.3	373	146.4	49.9	93.4
YP_536097.1	gnl|META|OROPRIBTRANS-MONOMER	5.9e-02	37.1	35	34.3	62.9	15.4
YP_536099.1	gnl|META|MONOMER-19967	4.6e-73	44.7	356	271.2	65.4	97.5
YP_536099.1	gnl|META|BSU35530-MONOMER	7.9e-73	44.7	356	270.4	65.4	97.5
YP_536100.1	gnl|META|YEEF-MONOMER	1.4e-13	25.1	390	74.3	42.6	61.6
YP_536101.1	gnl|META|G3O-30531-MONOMER	6.6e-40	25.5	623	162.2	47.4	73.1
YP_536101.1	gnl|META|HS02790-MONOMER	1.9e-39	24.7	709	160.6	44.1	73.4
YP_536101.1	gnl|META|MONOMER-14612	4.8e-38	26.5	653	156.0	43.5	69.5
YP_536101.1	gnl|META|AT4G30190-MONOMER	6.2e-38	26.6	636	155.6	45.3	74.4
YP_536101.1	gnl|META|MONOMER-14600	8.1e-38	24.5	732	155.2	40.8	72.8
YP_536101.1	gnl|META|MONOMER-14661	1.4e-37	26.7	652	154.5	44.0	69.5
YP_536102.1	gnl|META|EG10599-MONOMER	5.6e-168	58.8	527	587.0	77.2	97.2
YP_536103.1	gnl|META|EG10600-MONOMER	7.1e-18	46.8	94	85.9	70.2	98.9
YP_536106.1	gnl|META|MONOMER-17076	1.5e-53	30.0	520	207.2	47.7	76.7
YP_536107.1	gnl|META|EG11171-MONOMER	8.5e-69	43.6	328	256.9	62.8	95.0
YP_536108.1	gnl|META|EG10850-MONOMER	7.5e-10	28.8	146	60.1	45.2	85.7
YP_536109.1	gnl|META|G6991-MONOMER	7.2e-14	35.8	134	73.9	56.0	53.9
YP_536110.1	gnl|META|MONOMER-13049	1.5e-35	32.8	320	146.4	50.6	94.8
YP_536110.1	gnl|META|ANSB-MONOMER	1.0e-34	34.2	319	143.7	48.3	94.8
YP_536111.1	gnl|META|MONOMER-13531	1.5e-14	24.6	236	76.3	45.8	89.0
YP_536111.1	gnl|META|AT3G25110-MONOMER	1.4e-12	25.1	227	69.7	47.1	84.9
YP_536112.1	gnl|META|G7641-MONOMER	5.0e-54	49.4	233	207.6	66.1	78.5
YP_536114.1	gnl|META|EG11500-MONOMER	1.8e-15	31.4	156	79.7	49.4	45.8
YP_536115.1	gnl|META|DTMPKI-MONOMER	3.0e-32	39.1	202	134.8	60.9	95.2
YP_536117.1	gnl|META|EG10834-MONOMER	2.2e-37	39.5	200	151.8	62.0	100.0
YP_536119.1	gnl|META|EG11500-MONOMER	2.1e-11	30.6	134	67.0	48.5	22.6
YP_536120.1	gnl|META|EG11372-MONOMER	4.4e-31	42.4	151	130.6	66.2	91.0
YP_536121.1	gnl|META|G18NG-12136-MONOMER	2.5e-05	31.5	73	43.9	58.9	96.1
YP_536123.1	gnl|META|NRDE-MONOMER	4.4e-208	51.1	714	720.7	68.6	98.3
YP_536123.1	gnl|META|MONOMER-13835	8.5e-204	49.9	714	706.4	68.2	98.3
YP_536124.1	gnl|META|NRDF-MONOMER	3.9e-87	50.3	314	317.8	67.8	96.0
YP_536124.1	gnl|META|MONOMER-13836	1.9e-86	50.3	314	315.5	67.8	96.0
YP_536125.1	gnl|META|MONOMER-7721	2.6e-82	27.1	851	303.1	47.6	96.7
YP_536127.1	gnl|META|EG10873-MONOMER	6.6e-24	53.3	122	106.3	73.8	100.0
YP_536128.1	gnl|META|EG10871-MONOMER	1.2e-23	39.7	156	105.9	60.3	92.8
YP_536129.1	gnl|META|EG10864-MONOMER	1.8e-54	47.1	227	208.8	69.6	98.7
YP_536130.1	gnl|META|EG10872-MONOMER	1.3e-44	64.8	142	175.3	78.2	100.0
YP_536135.1	gnl|META|G7845-MONOMER	1.7e-42	36.8	242	169.1	59.5	96.8
YP_536137.1	gnl|META|CYSS-MONOMER	2.7e-105	43.1	480	378.6	60.6	99.6
YP_536138.1	gnl|META|MONOMER-13959	2.6e-167	58.8	485	584.7	77.7	98.0
YP_536140.1	gnl|META|G7704-MONOMER	2.7e-01	28.0	75	33.1	42.7	14.9
YP_536140.1	gnl|META|PHNK-MONOMER	2.7e-01	28.4	74	33.1	51.4	16.2
YP_536141.1	gnl|META|DUTP-PYROP-MONOMER	3.9e-09	33.3	108	57.8	52.8	57.9
YP_536145.1	gnl|META|GPMA-MONOMER	5.8e-58	47.4	228	220.3	65.8	99.6
YP_536145.1	gnl|META|HS10491-MONOMER	6.6e-54	44.0	225	206.8	63.1	96.4
YP_536145.1	gnl|META|HS09121-MONOMER	5.6e-53	43.4	221	203.8	64.7	95.5
YP_536147.1	gnl|META|FABH-MONOMER	4.8e-45	33.2	322	177.9	52.8	97.9
YP_536149.1	gnl|META|EG10900-MONOMER	1.0e-10	42.5	73	65.1	69.9	10.1
YP_536150.1	gnl|META|NAD-SYNTH-MONOMER	4.4e-108	71.3	272	387.1	82.4	98.9
YP_536152.1	gnl|META|MONOMER-19961	1.2e-53	43.3	231	206.1	65.8	93.4
YP_536152.1	gnl|META|BSU35750-MONOMER	1.8e-49	40.1	232	192.2	63.8	94.7
YP_536154.1	gnl|META|PROCST-MONOMER	1.8e-50	44.5	263	195.7	64.6	99.2
YP_536155.1	gnl|META|B1634-MONOMER	1.9e-42	25.8	500	169.9	46.6	98.6
YP_536155.1	gnl|META|YHIP-MONOMER	1.9e-42	24.2	492	169.9	45.3	96.7
YP_536155.1	gnl|META|YJDL-MONOMER	1.7e-38	27.0	485	156.8	42.7	95.3
YP_536158.1	gnl|META|BSU35670-MONOMER	1.8e-96	58.7	288	348.6	79.5	99.0
YP_536158.1	gnl|META|MONOMER-20001	2.4e-96	58.6	285	348.2	79.3	97.9
YP_536159.1	gnl|META|EG10570-MONOMER	1.6e-54	42.4	250	209.1	61.6	94.3
YP_536160.1	gnl|META|MONOMER-17049	2.4e-07	28.1	135	51.6	45.9	86.8
YP_536160.1	gnl|META|MONOMER-14302	4.5e-06	30.8	120	47.4	45.8	70.9
YP_536163.1	gnl|META|ENSG00000103316-MONOMER	6.5e-34	33.0	291	141.0	51.5	88.4
YP_536163.1	gnl|META|G1I0R-70-MONOMER	2.6e-30	28.6	336	129.0	48.2	99.7
YP_536165.1	gnl|META|MONOMER-66	6.9e-02	32.8	64	34.3	57.8	23.1
YP_536166.1	gnl|META|BSU35660-MONOMER	8.9e-144	66.2	379	506.1	82.3	99.2
YP_536166.1	gnl|META|MONOMER-19966	5.4e-141	65.2	379	496.9	81.5	99.2
YP_536168.1	gnl|META|PHEP-MONOMER	1.6e-05	21.1	360	47.4	39.4	64.1
YP_536169.1	gnl|META|MONOMER-5821	2.7e-47	43.2	222	184.9	65.8	99.6
YP_536170.1	gnl|META|MONOMER-13019	2.8e-298	64.4	745	1020.4	78.5	98.8
YP_536171.1	gnl|META|MONOMER-6141	2.0e-43	35.7	342	172.6	52.6	97.6
YP_536172.1	gnl|META|AT1G71880-MONOMER	1.9e-12	22.1	476	70.1	38.0	92.0
YP_536173.1	gnl|META|PD00219	3.7e-13	23.5	213	72.0	49.8	64.4
YP_536174.1	gnl|META|KUP-MONOMER	3.6e-71	38.1	441	265.8	56.5	64.1
YP_536174.1	gnl|META|MONOMER-14581	9.5e-64	33.0	503	241.1	52.1	67.2
YP_536176.1	gnl|META|EG10844-MONOMER	2.6e-35	30.0	350	146.0	48.9	79.1
YP_536176.1	gnl|META|EG10210-MONOMER	1.0e-34	31.0	329	144.1	50.5	75.4
YP_536177.1	gnl|META|BSU33530-MONOMER	8.7e-10	23.3	236	60.8	41.9	68.8
YP_536177.1	gnl|META|MONOMER-17065	8.7e-10	28.6	203	60.8	44.8	58.6
YP_536179.1	gnl|META|MONOMER-16314	1.1e-55	30.3	446	214.2	48.0	70.0
YP_536179.1	gnl|META|MALTODEXGLUCOSID-MONOMER	4.2e-55	30.8	546	212.2	45.1	83.7
YP_536180.1	gnl|META|MONOMER-17099	7.6e-193	43.5	809	670.2	62.9	97.6
YP_536180.1	gnl|META|GLYCOPHOSPHORYL-MONOMER	1.9e-191	45.9	772	665.6	64.8	94.1
YP_536180.1	gnl|META|HS00949-MONOMER	3.6e-187	41.6	813	651.4	61.6	98.3
YP_536180.1	gnl|META|HS02178-MONOMER	2.2e-184	41.3	808	642.1	61.9	97.6
YP_536180.1	gnl|META|HS02099-MONOMER	1.0e-181	41.7	813	633.3	60.9	98.3
YP_536180.1	gnl|META|MALDEXPHOSPHORYL-MONOMER	2.0e-177	43.1	802	619.0	61.8	97.9
YP_536181.1	gnl|META|GLYCOGENSYN-MONOMER	1.9e-74	35.5	493	276.2	53.3	99.8
YP_536181.1	gnl|META|AT5G24300-MONOMER	3.9e-72	35.2	500	268.5	52.0	98.7
YP_536182.1	gnl|META|GLUC1PADENYLTRANS-MONOMER	1.6e-07	21.6	348	53.5	43.1	80.8
YP_536183.1	gnl|META|GLUC1PADENYLTRANS-MONOMER	2.6e-71	39.8	362	265.4	58.8	88.9
YP_536184.1	gnl|META|GLYCOGEN-BRANCH-MONOMER	1.3e-139	39.2	640	493.0	59.1	95.8
YP_536184.1	gnl|META|G185E-5505-MONOMER	6.6e-131	38.7	622	464.2	56.4	94.6
YP_536185.1	gnl|META|MONOMER-16314	1.2e-144	43.4	606	509.6	58.7	100.0
YP_536187.1	gnl|META|GDHA-MONOMER	8.8e-143	57.7	447	503.1	73.8	99.3
YP_536188.1	gnl|META|G185E-4354-MONOMER	9.5e-92	40.7	452	333.6	57.3	98.0
YP_536188.1	gnl|META|MONOMER-17041	5.8e-89	41.1	455	324.3	56.9	99.1
YP_536188.1	gnl|META|G6811-MONOMER	3.1e-82	37.3	453	302.0	55.4	98.9
YP_536189.1	gnl|META|MONOMER-13176	6.2e-06	29.3	123	47.0	45.5	76.9
YP_536192.1	gnl|META|MONOMER-20451	1.1e-02	26.1	115	37.7	50.4	24.6
YP_536193.1	gnl|META|EG12098-MONOMER	1.0e-25	28.6	276	113.6	51.1	88.1
YP_536193.1	gnl|META|EG11118-MONOMER	1.9e-24	27.6	312	109.4	48.4	98.3
YP_536194.1	gnl|META|MONOMER0-541	5.0e-16	33.3	147	81.3	53.7	54.1
YP_536194.1	gnl|META|G3O-34081-MONOMER	2.5e-15	32.0	172	79.0	51.2	62.3
YP_536196.1	gnl|META|EG11014-MONOMER	5.5e-67	30.9	614	251.9	49.3	81.3
YP_536197.1	gnl|META|MALTACETYLTRAN-MONOMER	1.8e-22	43.6	172	102.1	60.5	96.6
YP_536198.1	gnl|META|YGFU-MONOMER	6.4e-77	37.0	446	284.3	59.4	98.9
YP_536199.1	gnl|META|ADENPRIBOSYLTRAN-MONOMER	7.7e-03	23.8	130	37.0	41.5	67.7
YP_536203.1	gnl|META|MONOMER-19375	1.1e-208	63.6	541	722.2	80.4	100.0
YP_536204.1	gnl|META|PD00232	3.2e-08	21.8	285	55.5	42.1	94.9
YP_536211.1	gnl|META|MONOMER-428	5.5e-112	51.9	401	400.6	71.8	99.5
YP_536211.1	gnl|META|MONOMER-20612	5.3e-107	49.5	390	384.0	69.5	97.5
YP_536211.1	gnl|META|MONOMER-13473	3.8e-105	48.1	399	377.9	69.7	99.5
YP_536211.1	gnl|META|STM2057-MONOMER	2.0e-101	49.5	390	365.5	67.7	98.0
YP_536211.1	gnl|META|ACKCLOS-MONOMER	2.6e-101	48.0	402	365.2	68.2	99.5
YP_536213.1	gnl|META|YGJE-MONOMER	4.1e-82	36.0	483	301.6	58.2	97.9
YP_536213.1	gnl|META|B0612-MONOMER	7.1e-82	37.4	497	300.8	57.9	99.6
YP_536214.1	gnl|META|MONOMER-17916	2.3e-77	36.4	459	285.8	56.9	96.7
YP_536215.1	gnl|META|HP1325-MONOMER	7.5e-121	49.6	460	430.3	69.3	98.5
YP_536215.1	gnl|META|FUMC-MONOMER	3.5e-118	49.1	462	421.4	67.1	98.9
YP_536215.1	gnl|META|MONOMER-18278	3.4e-113	47.8	462	404.8	65.6	98.5
YP_536215.1	gnl|META|ENSG00000091483-MONOMER	7.5e-113	48.6	463	403.7	64.1	98.7
YP_536217.1	gnl|META|MONOMER-12931	2.9e-53	31.3	460	205.7	48.9	97.5
YP_536217.1	gnl|META|HS01727-MONOMER	3.2e-52	31.5	460	202.2	48.5	97.5
YP_536217.1	gnl|META|MONOMER-11687	1.3e-50	28.2	454	196.8	48.9	97.7
YP_536217.1	gnl|META|MONOMER-18303	5.1e-50	28.1	459	194.9	49.2	97.7
YP_536217.1	gnl|META|MONOMER-14178	5.1e-50	27.9	458	194.9	47.8	98.4
YP_536218.1	gnl|META|HS07514-MONOMER	7.7e-02	38.1	42	33.1	59.5	31.8
YP_536219.1	gnl|META|RNTRACTIV-MONOMER	4.9e-33	46.7	152	137.5	65.8	65.5
YP_536220.1	gnl|META|RIBONUCLEOSIDE-TRIP-REDUCT-MONOMER	1.2e-210	51.4	708	729.2	68.4	96.6
YP_536222.1	gnl|META|MONOMER-13983	4.6e-01	34.7	49	31.2	53.1	22.2
YP_536224.1	gnl|META|EG12270-MONOMER	4.9e-19	36.6	123	90.1	61.0	99.2
YP_536226.1	gnl|META|EG10442-MONOMER	4.5e-01	31.2	48	31.2	54.2	23.6
YP_536229.1	gnl|META|EG11247-MONOMER	3.1e-42	28.3	449	169.1	49.9	96.9
YP_536231.1	gnl|META|MONOMER-20007	4.3e-81	48.9	319	297.7	66.8	94.1
YP_536232.1	gnl|META|MONOMER-13956	6.3e-179	63.5	477	623.2	80.1	100.0
YP_536233.1	gnl|META|MONOMER-13955	1.5e-167	60.0	485	585.5	78.6	99.2
YP_536234.1	gnl|META|MONOMER-13957	1.4e-19	51.6	93	91.7	68.8	93.9
YP_536236.1	gnl|META|EG10534-MONOMER	3.2e-152	42.6	671	535.0	63.0	98.7
YP_536237.1	gnl|META|EG11064-MONOMER	4.0e-148	40.2	748	521.5	59.8	100.0
YP_536238.1	gnl|META|YOR128C-MONOMER	5.4e-32	25.8	298	134.8	48.3	77.0
YP_536239.1	gnl|META|LYSS-MONOMER	2.7e-140	50.6	490	495.0	70.4	98.6
YP_536239.1	gnl|META|LYSU-MONOMER	7.3e-138	50.0	490	486.9	69.6	98.6
YP_536240.1	gnl|META|EG11311-MONOMER	9.7e-54	37.4	321	206.8	57.9	95.8
YP_536241.1	gnl|META|EG11506-MONOMER	3.9e-145	58.0	459	511.5	76.5	65.6
YP_536242.1	gnl|META|AT1G71750-MONOMER	5.5e-43	48.1	185	170.2	63.8	98.9
YP_536242.1	gnl|META|HYPOXANPRIBOSYLTRAN-MONOMER	6.7e-41	48.2	166	163.3	70.5	91.6
YP_536243.1	gnl|META|G6096-MONOMER	2.3e-21	33.0	200	99.8	54.5	44.0
YP_536244.1	gnl|META|EG10743-MONOMER	1.6e-14	50.6	79	75.5	69.6	51.3
YP_536248.1	gnl|META|EG11062-MONOMER	2.7e-21	24.3	304	100.9	47.7	23.9
YP_536248.1	gnl|META|EG11062-MONOMER	2.5e-03	28.9	90	41.2	52.2	7.2
YP_536249.1	gnl|META|EG10785-MONOMER	6.7e-28	34.6	188	120.2	53.7	100.0
YP_536250.1	gnl|META|MONOMER-8681	3.0e-124	71.3	310	441.0	83.2	96.0
YP_536253.1	gnl|META|2-DEHYDROPANTOATE-REDUCT-MONOMER	7.5e-11	26.3	316	64.3	44.3	96.9
YP_536254.1	gnl|META|TYRS-MONOMER	4.0e-105	47.3	419	377.9	65.9	98.8
YP_536257.1	gnl|META|EG10927-MONOMER	1.8e-21	32.7	226	101.3	54.0	20.9
YP_536258.1	gnl|META|EG11094-MONOMER	2.7e-20	23.4	389	95.9	44.5	96.8
YP_536260.1	gnl|META|PYRUVOXID-MONOMER	3.1e-66	30.2	537	249.2	49.9	89.2
YP_536261.1	gnl|META|G6782-MONOMER	5.7e-27	35.8	176	117.1	53.4	93.6
YP_536263.1	gnl|META|MACB	2.4e-35	38.1	223	145.2	59.2	98.7
YP_536263.1	gnl|META|GLTL-MONOMER	3.2e-32	35.9	223	134.8	60.5	97.8
YP_536264.1	gnl|META|MONOMER-16933	5.7e-38	38.3	248	154.1	54.4	98.0
YP_536264.1	gnl|META|EG11261-MONOMER	5.9e-35	37.0	246	144.1	54.9	96.4
YP_536266.1	gnl|META|KEFC-MONOMER	3.5e-04	21.9	511	43.1	39.9	78.0
YP_536271.1	gnl|META|BSU02750-MONOMER	6.4e-28	33.6	211	120.9	55.5	68.2
YP_536271.1	gnl|META|YBHF-MONOMER	1.9e-27	32.6	221	119.4	54.3	71.9
YP_536271.1	gnl|META|ABC-MONOMER	4.6e-26	30.6	209	114.8	59.3	66.6
YP_536272.1	gnl|META|CPXR-MONOMER	1.7e-02	35.0	60	34.3	65.0	89.6
YP_536274.1	gnl|META|HS07110-MONOMER	2.5e-06	34.4	93	48.5	52.7	47.6
YP_536284.1	gnl|META|HS01050-MONOMER	1.3e-27	33.7	243	119.8	52.7	85.6
YP_536284.1	gnl|META|ENSG00000139988-MONOMER	1.8e-24	30.8	276	109.4	48.2	95.8
YP_536289.1	gnl|META|EG10908-MONOMER	3.8e-30	51.5	130	127.1	65.4	100.0
YP_536290.1	gnl|META|EG10874-MONOMER	2.6e-43	57.1	140	171.0	75.7	95.2
YP_536291.1	gnl|META|EG10454-MONOMER	3.9e-34	34.5	249	141.4	53.8	96.5
YP_536292.1	gnl|META|G12WB-160-MONOMER	1.0e-53	41.5	260	206.5	66.5	98.5
YP_536293.1	gnl|META|G12WB-159-MONOMER	2.9e-70	51.4	288	261.5	66.0	98.6
YP_536294.1	gnl|META|G12WB-158-MONOMER	5.0e-67	47.4	274	250.8	67.5	96.1
YP_536295.1	gnl|META|EG10878-MONOMER	4.6e-20	46.0	124	93.6	62.1	97.6
YP_536296.1	gnl|META|EG10893-MONOMER	1.6e-69	46.3	311	259.2	66.9	98.1
YP_536297.1	gnl|META|EG10910-MONOMER	1.4e-40	62.0	121	161.8	79.3	94.5
YP_536298.1	gnl|META|EG10912-MONOMER	7.7e-33	59.8	112	136.0	79.5	92.6
YP_536299.1	gnl|META|EG11232-MONOMER	2.0e-08	65.8	38	53.1	78.9	100.0
YP_536301.1	gnl|META|ADENYL-KIN-MONOMER	1.0e-43	43.6	218	172.9	61.9	97.3
YP_536301.1	gnl|META|YDR226W-MONOMER	1.0e-38	39.3	211	156.4	58.8	95.9
YP_536303.1	gnl|META|EG10876-MONOMER	3.3e-14	38.9	144	74.3	52.8	98.6
YP_536304.1	gnl|META|EG10888-MONOMER	1.7e-04	38.9	54	40.8	57.4	90.0
YP_536305.1	gnl|META|EG10904-MONOMER	5.1e-43	52.4	164	170.2	72.6	98.8
YP_536306.1	gnl|META|EG10879-MONOMER	8.6e-13	40.2	117	69.3	53.8	95.8
YP_536307.1	gnl|META|EG10869-MONOMER	2.1e-39	46.9	175	158.3	65.7	98.3
YP_536308.1	gnl|META|EG10907-MONOMER	1.1e-29	48.1	131	125.6	71.0	99.2
YP_536309.1	gnl|META|EG10913-MONOMER	1.1e-08	50.0	44	54.7	72.7	72.1
YP_536310.1	gnl|META|EG10868-MONOMER	2.9e-60	56.5	177	227.6	80.8	98.3
YP_536311.1	gnl|META|EG10884-MONOMER	7.4e-21	53.0	100	95.9	70.0	98.0
YP_536312.1	gnl|META|EG10875-MONOMER	8.0e-38	63.4	123	152.5	77.2	100.0
YP_536313.1	gnl|META|EG10916-MONOMER	2.3e-18	53.2	79	87.4	72.2	89.8
YP_536314.1	gnl|META|EG10887-MONOMER	1.9e-06	43.3	60	47.4	66.7	93.8
YP_536315.1	gnl|META|EG10877-MONOMER	4.0e-36	56.7	134	147.1	73.9	93.1
YP_536316.1	gnl|META|EG10902-MONOMER	3.7e-70	59.1	208	260.8	78.8	95.0
YP_536317.1	gnl|META|EG10882-MONOMER	1.9e-25	56.7	104	111.3	74.0	90.4
YP_536318.1	gnl|META|EG10918-MONOMER	8.0e-30	63.6	88	125.6	79.5	94.6
YP_536319.1	gnl|META|EG10865-MONOMER	6.8e-85	58.0	276	310.1	72.8	99.6
YP_536320.1	gnl|META|EG10883-MONOMER	1.4e-05	42.3	78	45.1	57.7	81.9
YP_536321.1	gnl|META|EG10867-MONOMER	9.8e-36	44.4	189	146.4	63.5	91.3
YP_536322.1	gnl|META|EG10866-MONOMER	2.0e-41	45.6	206	165.2	61.7	98.1
YP_536323.1	gnl|META|EG10909-MONOMER	5.0e-33	62.7	102	136.3	83.3	100.0
YP_536324.1	gnl|META|EG10437-MONOMER	3.7e-50	34.8	365	195.3	50.7	85.7
YP_536325.1	gnl|META|G7662-MONOMER	1.2e-04	42.3	52	43.5	61.5	18.7
YP_536325.1	gnl|META|MONOMER-15573	1.7e-03	30.8	78	39.7	50.0	27.3
YP_536327.1	gnl|META|MONOMER-16620	3.9e-23	33.2	214	105.1	53.3	64.9
YP_536329.1	gnl|META|ENSG00000151012-MONOMER	3.8e-37	25.7	440	152.1	46.1	98.6
YP_536329.1	gnl|META|ENSG00000092068-MONOMER	5.4e-36	30.8	448	148.3	48.2	98.2
YP_536329.1	gnl|META|ENSG00000103257-MONOMER	2.3e-34	28.3	441	142.9	48.5	97.9
YP_536329.1	gnl|META|ENSG00000103064-MONOMER	3.9e-34	26.3	441	142.1	46.5	97.9
YP_536330.1	gnl|META|G7037-MONOMER	4.5e-23	36.3	204	104.4	55.4	94.0
YP_536331.1	gnl|META|G7037-MONOMER	5.7e-31	37.6	210	130.6	57.6	99.1
YP_536332.1	gnl|META|ARTJ-MONOMER	3.9e-24	31.7	259	108.2	46.7	92.0
YP_536332.1	gnl|META|GLNH-MONOMER	2.2e-22	34.0	203	102.4	57.6	72.1
YP_536332.1	gnl|META|G6359-MONOMER	2.4e-21	29.9	211	99.0	49.3	73.9
YP_536333.1	gnl|META|GLTL-MONOMER	1.3e-74	56.7	240	275.8	77.9	98.0
YP_536333.1	gnl|META|GLNQ-MONOMER	4.3e-67	53.6	239	250.8	72.8	97.6
YP_536338.1	gnl|META|YHFM-MONOMER	2.4e-18	25.1	447	89.7	45.9	93.3
YP_536338.1	gnl|META|B0260-MONOMER	2.3e-16	22.3	449	83.2	43.4	90.5
YP_536338.1	gnl|META|YEEF-MONOMER	3.0e-16	25.3	450	82.8	44.2	91.8
YP_536339.1	gnl|META|IMP-DEHYDROG-MONOMER	1.1e-146	56.1	487	516.2	72.1	98.4
YP_536340.1	gnl|META|EG12045-MONOMER	9.4e-17	21.6	365	85.5	43.8	35.4
YP_536341.1	gnl|META|MONOMER-10621	6.1e-03	33.0	88	37.7	46.6	32.4
YP_536343.1	gnl|META|MONOMER-19598	4.6e-01	29.0	62	30.8	50.0	38.5
YP_536344.1	gnl|META|EG12098-MONOMER	1.4e-22	32.4	225	103.2	50.2	67.4
YP_536344.1	gnl|META|EG12609-MONOMER	1.3e-20	34.0	197	96.7	49.7	62.8
YP_536345.1	gnl|META|MACB	4.7e-26	27.5	426	115.2	48.4	99.3
YP_536346.1	gnl|META|MACB	2.9e-49	44.1	222	191.4	65.3	97.8
YP_536346.1	gnl|META|ABC-MONOMER	2.1e-44	40.6	224	175.3	63.8	98.2
YP_536348.1	gnl|META|MONOMER-13042	4.8e-81	50.3	292	297.4	66.1	99.7
YP_536350.1	gnl|META|MONOMER-20622	5.3e-16	33.6	128	80.1	57.0	100.0
YP_536352.1	gnl|META|MONOMER-13104	1.4e-78	61.5	234	288.9	75.6	100.0
YP_536353.1	gnl|META|MONOMER-13103	1.1e-53	33.1	375	206.8	52.3	97.1
YP_536354.1	gnl|META|ACETYLORNDEACET-MONOMER	8.3e-25	27.5	371	110.9	45.6	93.1
YP_536355.1	gnl|META|HS08987-MONOMER	6.3e-37	35.9	248	150.6	56.0	96.8
YP_536355.1	gnl|META|MONOMER-19127	1.7e-34	36.5	249	142.5	52.6	96.4
YP_536355.1	gnl|META|MONOMER-7722	9.4e-33	36.5	244	136.7	52.9	95.6
YP_536359.1	gnl|META|G1I0R-1336-MONOMER	4.6e-15	23.7	278	78.2	50.4	95.5
YP_536360.1	gnl|META|EG12209-MONOMER	2.2e-05	30.6	111	44.7	52.3	93.0
YP_536361.1	gnl|META|EG12209-MONOMER	6.8e-03	29.2	113	36.6	47.8	79.8
YP_536362.1	gnl|META|RED-THIOREDOXIN-MONOMER	8.6e-20	46.8	94	92.4	63.8	86.9
YP_536363.1	gnl|META|EG11195-MONOMER	1.8e-32	36.1	280	136.0	51.8	98.2
YP_536364.1	gnl|META|BSU35650-MONOMER	6.7e-51	37.5	293	197.6	59.0	76.7
YP_536364.1	gnl|META|MONOMER-19997	2.0e-50	38.0	284	196.1	58.1	74.6
YP_536369.1	gnl|META|EG12098-MONOMER	1.2e-26	32.2	270	116.7	49.3	86.5
YP_536371.1	gnl|META|MONOMER-20008	1.5e-12	31.6	152	69.3	55.3	72.6
YP_536373.1	gnl|META|AT5G15860-MONOMER	1.5e-07	24.8	161	53.1	44.7	54.9
YP_536375.1	gnl|META|G7405-MONOMER	2.7e-11	25.2	226	65.5	51.3	85.3
YP_536385.1	gnl|META|GPMA-MONOMER	2.1e-71	57.4	216	265.0	74.1	94.7
YP_536385.1	gnl|META|YKL152C-MONOMER	9.6e-69	54.1	220	256.1	73.2	96.5
YP_536385.1	gnl|META|HS10286-MONOMER	5.8e-66	52.7	220	246.9	69.1	95.6
YP_536385.1	gnl|META|HS09121-MONOMER	2.2e-65	51.4	220	245.0	70.0	95.6
YP_536386.1	gnl|META|MONOMER-10303	9.2e-67	34.3	382	250.4	56.8	96.5
YP_536389.1	gnl|META|GPH-MONOMER	4.0e-16	30.0	227	81.3	46.3	96.2
YP_536389.1	gnl|META|MONOMER-20723	5.7e-15	31.9	210	77.4	44.8	97.7
YP_536390.1	gnl|META|MONOMER-6141	3.5e-86	46.8	348	314.7	65.5	99.1
YP_536391.1	gnl|META|MONOMER0-146	2.5e-14	28.5	172	75.1	54.7	88.8
YP_536392.1	gnl|META|MONOMER-18323	1.2e-12	28.3	184	70.5	47.3	51.1
YP_536394.1	gnl|META|MONOMER-6142	2.3e-148	77.0	331	521.2	87.6	100.0
YP_536396.1	gnl|META|MONOMER-13056	8.5e-282	58.4	812	965.7	73.2	99.9
YP_536397.1	gnl|META|NICOTINAMID-MONOMER	8.9e-09	27.3	183	56.6	44.8	85.2
YP_536398.1	gnl|META|SYNPCC7942_0485-MONOMER	7.6e-14	27.6	199	73.6	47.2	95.4
YP_536399.1	gnl|META|BGLF-MONOMER	1.0e-54	34.8	399	211.1	52.6	61.7
YP_536401.1	gnl|META|MONOMER-5946	1.2e-157	48.1	549	552.7	67.6	98.7
YP_536402.1	gnl|META|YCEE-MONOMER	7.1e-99	48.8	387	357.1	68.0	95.3
YP_536405.1	gnl|META|HOMOSERKIN-MONOMER	1.7e-25	30.1	309	112.8	48.2	98.3
YP_536406.1	gnl|META|ASPKINIHOMOSERDEHYDROGI-MONOMER	3.0e-15	29.7	158	79.3	58.2	36.0
YP_536407.1	gnl|META|MONOMER-18021	6.5e-26	27.6	272	114.4	48.5	80.2
YP_536408.1	gnl|META|THRESYN-MONOMER	6.3e-49	33.7	451	191.4	49.7	90.5
YP_536411.1	gnl|META|EG11351-MONOMER	3.3e-44	33.1	353	175.3	51.6	97.4
YP_536415.1	gnl|META|G12WB-1824-MONOMER	3.0e-100	55.2	317	361.3	72.6	96.9
YP_536416.1	gnl|META|G12WB-1825-MONOMER	9.7e-19	33.3	183	89.7	54.6	98.4
YP_536417.1	gnl|META|EG11723-MONOMER	1.2e-16	33.3	186	84.0	55.9	40.9
YP_536417.1	gnl|META|MONOMER-17535	1.2e-14	24.6	179	77.4	50.3	40.7
YP_536418.1	gnl|META|MONOMER-17535	3.6e-19	33.8	157	91.3	52.9	77.1
YP_536418.1	gnl|META|MONOMER-17150	1.4e-18	28.6	203	89.4	48.8	95.5
YP_536419.1	gnl|META|EG10203-MONOMER	1.3e-20	29.2	356	97.1	45.8	90.1
YP_536420.1	gnl|META|KEFB-MONOMER	6.1e-23	25.5	372	104.8	52.7	94.9
YP_536420.1	gnl|META|KEFC-MONOMER	7.5e-21	26.6	383	97.8	48.0	96.7
YP_536424.1	gnl|META|GMP-SYN-MONOMER	3.8e-161	52.7	518	564.3	71.6	98.1
YP_536424.1	gnl|META|YMR217W-MONOMER	5.4e-152	52.5	520	533.9	71.0	98.5
YP_536425.1	gnl|META|PANTOTHENATE-KIN-MONOMER	2.5e-80	49.2	305	295.0	69.8	97.7
YP_536426.1	gnl|META|YOR126C-MONOMER	2.7e-11	29.6	206	65.1	44.7	88.9
YP_536427.1	gnl|META|GLNQ-MONOMER	6.7e-68	52.1	242	253.4	75.6	97.6
YP_536427.1	gnl|META|GLTL-MONOMER	9.1e-65	53.1	241	243.0	72.6	98.0
YP_536427.1	gnl|META|EG12347-MONOMER	4.7e-61	52.2	247	230.7	66.0	97.6
YP_536428.1	gnl|META|G7037-MONOMER	4.3e-29	37.3	204	125.6	57.8	40.9
YP_536428.1	gnl|META|GLNP-MONOMER	1.4e-27	35.3	201	120.6	59.7	39.9
YP_536429.1	gnl|META|ENSG00000103257-MONOMER	9.0e-03	23.8	269	38.1	39.0	51.8
YP_536429.1	gnl|META|ENSG00000092068-MONOMER	5.8e-02	20.9	302	35.4	38.4	58.9
YP_536434.1	gnl|META|MONOMER-20019	1.7e-27	23.1	484	120.2	47.3	98.1
YP_536435.1	gnl|META|GALPMUT-MONOMER	4.8e-134	60.2	367	473.8	78.2	98.9
YP_536437.1	gnl|META|MONOMER-16196	3.0e-43	44.1	211	171.4	62.1	93.7
YP_536438.1	gnl|META|MONOMER-19997	8.9e-52	39.8	274	200.3	63.1	84.0
YP_536438.1	gnl|META|BSU35650-MONOMER	5.8e-51	37.8	291	197.6	61.2	89.2
YP_536440.1	gnl|META|EG11826-MONOMER	2.4e-25	32.4	222	112.1	51.4	90.9
YP_536440.1	gnl|META|G7105-MONOMER	2.0e-24	31.1	219	109.0	49.8	90.0
YP_536443.1	gnl|META|MONOMER-14460	1.2e-13	34.7	150	73.9	56.0	35.4
YP_536443.1	gnl|META|MONOMER-17218	3.0e-12	30.5	167	69.3	50.9	40.3
YP_536446.1	gnl|META|MONOMER-20063	9.0e-16	28.5	295	80.9	45.8	75.4
YP_536447.1	gnl|META|EG11266-MONOMER	2.1e-19	26.7	333	92.8	47.1	91.6
YP_536447.1	gnl|META|MONOMER-20013	4.0e-18	25.9	340	88.6	45.3	97.4
YP_536447.1	gnl|META|BSU35680-MONOMER	6.9e-18	27.8	313	87.8	45.0	86.5
YP_536447.1	gnl|META|MONOMER-17340	6.9e-18	28.9	284	87.8	48.2	73.8
YP_536448.1	gnl|META|MONOMER-20063	8.8e-32	31.0	329	134.0	52.6	82.1
YP_536451.1	gnl|META|EG10837-MONOMER	6.2e-08	24.0	292	55.5	42.1	41.7
YP_536455.1	gnl|META|MONOMER-20216	3.5e-20	29.4	235	95.5	51.9	62.4
YP_536455.1	gnl|META|G6567-MONOMER	9.5e-18	28.6	266	87.4	50.4	69.8
YP_536456.1	gnl|META|MONOMER-17551	1.1e-50	40.7	290	196.4	56.2	97.1
YP_536456.1	gnl|META|MONOMER-18135	4.6e-49	40.8	287	191.0	58.2	96.8
YP_536457.1	gnl|META|DTDPGLUCDEHYDRAT2-MONOMER	3.7e-80	45.1	350	294.7	58.9	95.0
YP_536457.1	gnl|META|MONOMER-18133	9.0e-79	44.5	348	290.0	60.9	94.5
YP_536457.1	gnl|META|MONOMER-18087	7.7e-78	45.0	338	287.0	60.7	96.8
YP_536457.1	gnl|META|MONOMER-17549	2.2e-77	45.5	334	285.4	60.8	95.6
YP_536457.1	gnl|META|DTDPGLUCDEHYDRAT-MONOMER	2.9e-77	45.2	354	285.0	58.8	95.6
YP_536457.1	gnl|META|MONOMER-17087	2.5e-76	44.9	336	282.0	60.1	95.9
YP_536457.1	gnl|META|MONOMER-17068	1.2e-75	44.8	335	279.6	60.6	95.6
YP_536457.1	gnl|META|MONOMER-17071	4.4e-73	44.4	329	271.2	59.0	94.8
YP_536457.1	gnl|META|MONOMER-17002	7.4e-73	41.2	347	270.4	57.9	93.9
YP_536457.1	gnl|META|MONOMER-16952	9.7e-73	43.1	334	270.0	59.0	95.6
YP_536457.1	gnl|META|MONOMER-18752	2.2e-72	45.1	324	268.9	62.3	93.9
YP_536457.1	gnl|META|MONOMER-18352	2.8e-72	43.1	332	268.5	59.0	95.0
YP_536458.1	gnl|META|DTDPDEHYDRHAMEPIM-MONOMER	4.2e-41	48.0	177	164.1	63.3	91.2
YP_536459.1	gnl|META|MONOMER-17004	4.7e-121	71.2	288	430.3	85.1	99.7
YP_536459.1	gnl|META|DTDPGLUCOSEPP-MONOMER	8.9e-120	69.0	287	426.0	85.4	99.3
YP_536459.1	gnl|META|MONOMER-18132	2.4e-117	69.0	287	417.9	83.6	99.3
YP_536459.1	gnl|META|DTDPGLUCOSEPP2-MONOMER	1.1e-109	63.1	287	392.5	81.5	99.3
YP_536460.1	gnl|META|MONOMER-19974	3.5e-19	31.2	208	92.0	49.5	59.8
YP_536464.1	gnl|META|G7408-MONOMER	7.5e-02	34.5	58	33.9	55.2	26.2
YP_536465.1	gnl|META|EMRY-MONOMER	1.7e-16	22.2	410	83.6	44.4	88.0
YP_536469.1	gnl|META|G6731-MONOMER	1.4e-02	40.5	42	36.6	61.9	16.2
YP_536470.1	gnl|META|BSU11710-MONOMER	8.9e-50	40.3	258	193.4	61.2	97.3
YP_536470.1	gnl|META|AT1G22940-MONOMER	8.6e-45	37.8	267	176.8	58.4	99.2
YP_536472.1	gnl|META|ZNUB-MONOMER	2.5e-04	23.4	256	42.4	42.2	94.7
YP_536473.1	gnl|META|ZNUC-MONOMER	8.9e-19	30.4	214	90.1	49.5	93.7
YP_536473.1	gnl|META|CYSA-MONOMER	3.7e-17	30.9	191	84.7	53.9	82.9
YP_536473.1	gnl|META|YCBE-MONOMER	8.3e-17	32.7	199	83.6	45.2	85.1
YP_536473.1	gnl|META|FHUC-MONOMER	2.4e-16	26.9	208	82.0	48.6	86.9
YP_536479.1	gnl|META|EG11404-MONOMER	3.1e-109	54.6	366	391.3	71.6	100.0
YP_536482.1	gnl|META|MONOMER-19495	1.8e-07	23.0	256	52.8	44.1	94.1
YP_536484.1	gnl|META|EG10376-MONOMER	2.2e-23	31.9	213	105.5	53.1	88.4
YP_536485.1	gnl|META|MONOMER-8681	1.9e-40	29.2	308	162.5	57.1	98.3
YP_536485.1	gnl|META|MONOMER-601	9.5e-40	31.3	310	160.2	51.3	99.3
YP_536485.1	gnl|META|MONOMER-13096	2.6e-37	31.0	313	152.1	53.7	98.7
YP_536485.1	gnl|META|MONOMER-13065	2.9e-36	29.6	307	148.7	53.4	97.4
YP_536486.1	gnl|META|HS00157-MONOMER	6.3e-05	31.2	77	45.4	53.2	13.8
YP_536487.1	gnl|META|MONOMER-14597	1.5e-98	29.2	1012	357.1	50.0	96.8
YP_536487.1	gnl|META|MONOMER-14600	1.1e-96	28.1	996	350.9	49.7	96.8
YP_536487.1	gnl|META|MONOMER-14601	3.2e-96	28.8	1025	349.4	49.1	98.5
YP_536487.1	gnl|META|MONOMER-14610	2.2e-89	28.6	962	326.6	49.7	97.5
YP_536488.1	gnl|META|MONOMER-15646	2.1e-34	37.4	171	141.7	59.1	96.1
YP_536489.1	gnl|META|ENSG00000116288-MONOMER	5.4e-17	31.6	171	84.0	54.4	88.9
YP_536492.1	gnl|META|EG10824-MONOMER	7.0e-20	21.3	908	96.3	40.4	68.8
YP_536495.1	gnl|META|PRPPSYN-MONOMER	4.4e-75	48.7	314	277.7	68.8	96.6
YP_536496.1	gnl|META|GLUTSEMIALDEHYDROG-MONOMER	7.0e-102	45.8	415	367.1	68.0	98.8
YP_536497.1	gnl|META|GLUTKIN-MONOMER	7.6e-41	36.5	260	163.7	57.7	97.4
YP_536498.1	gnl|META|MANNPISOM-MONOMER	1.4e-04	33.0	106	43.5	45.3	31.2
YP_536501.1	gnl|META|YTFR-MONOMER	4.6e-15	25.7	210	78.2	47.1	68.2
YP_536501.1	gnl|META|BSU02750-MONOMER	3.9e-14	25.5	216	75.1	50.9	69.9
YP_536503.1	gnl|META|MONOMER-13098	1.1e-130	61.2	381	462.6	76.9	99.7
YP_536504.1	gnl|META|MTLA-MONOMER	6.7e-23	39.0	141	103.2	56.7	95.9
YP_536505.1	gnl|META|MTLA-MONOMER	3.6e-147	56.7	485	518.1	73.4	81.2
YP_536508.1	gnl|META|G7039-MONOMER	3.7e-35	34.2	266	144.8	56.4	96.0
YP_536510.1	gnl|META|EG12347-MONOMER	1.2e-59	50.4	246	226.1	69.1	98.0
YP_536510.1	gnl|META|GLNQ-MONOMER	1.2e-53	47.9	240	206.1	66.7	96.4
YP_536510.1	gnl|META|ARTP-MONOMER	4.7e-53	45.6	239	204.1	64.9	96.4
YP_536511.1	gnl|META|G7037-MONOMER	7.3e-48	50.9	222	186.8	66.7	96.1
YP_536512.1	gnl|META|L-GLN-FRUCT-6-P-AMINOTRANS-MONOMER	8.7e-117	40.1	616	417.2	58.3	100.0
YP_536515.1	gnl|META|GLPF-MONOMER	1.0e-25	37.5	251	113.2	51.0	95.3
YP_536516.1	gnl|META|EG12399-MONOMER	3.0e-08	32.8	119	54.3	48.7	90.2
YP_536517.1	gnl|META|MONOMER0-1261	4.8e-37	42.2	204	150.6	56.9	96.9
YP_536518.1	gnl|META|G6627-MONOMER	1.5e-70	41.0	354	262.7	59.3	99.7
YP_536519.1	gnl|META|G6627-MONOMER	1.7e-42	32.6	307	169.5	51.5	86.2
YP_536521.1	gnl|META|BRNQ-MONOMER	6.3e-51	33.1	435	198.0	50.8	94.6
YP_536524.1	gnl|META|YHHO-MONOMER	1.1e-88	35.6	584	323.9	55.5	90.2
YP_536524.1	gnl|META|G1G01-5484-MONOMER	7.6e-87	33.9	616	317.8	55.8	93.8
YP_536525.1	gnl|META|EG12235-MONOMER	1.3e-05	39.7	68	45.4	60.3	57.8
YP_536527.1	gnl|META|BSU00140-MONOMER	2.5e-22	30.5	220	102.1	51.4	89.0
YP_536555.1	gnl|META|MONOMER-11904	1.6e-28	26.7	273	122.9	48.7	95.0
YP_536561.1	gnl|META|MACB	2.3e-41	43.6	218	165.2	63.3	91.4
YP_536565.1	gnl|META|HS13124-MONOMER	2.8e-06	28.2	124	48.1	46.8	71.1
YP_536566.1	gnl|META|BSU33400-MONOMER	1.2e-94	58.9	280	342.4	76.1	100.0
YP_536569.1	gnl|META|GLNQ-MONOMER	2.8e-25	35.5	217	111.7	55.3	96.8
YP_536569.1	gnl|META|POTA-MONOMER	1.2e-23	32.7	220	106.3	56.8	99.1
YP_536570.1	gnl|META|MONOMER-16176	1.9e-27	27.7	408	119.8	46.3	98.0
YP_536571.1	gnl|META|G6660-MONOMER	8.3e-14	31.6	158	73.2	50.0	89.6
YP_536574.1	gnl|META|G7266-MONOMER	8.4e-23	29.3	270	104.0	46.3	84.1
YP_536577.1	gnl|META|MMUM-MONOMER	3.1e-70	46.7	291	261.5	64.6	93.8
YP_536578.1	gnl|META|B0260-MONOMER	9.6e-145	57.3	443	509.6	74.5	97.4
YP_536580.1	gnl|META|OPPF-MONOMER	4.7e-74	55.2	259	274.2	73.0	82.2
YP_536580.1	gnl|META|YLIA-MONOMER	1.1e-70	50.2	289	263.1	68.9	90.5
YP_536581.1	gnl|META|OPPD-MONOMER	1.2e-89	55.1	303	326.2	74.6	86.7
YP_536582.1	gnl|META|OPPC-MONOMER	2.7e-38	32.0	319	155.6	51.1	93.3
YP_536582.1	gnl|META|NIKC-MONOMER	1.0e-34	35.3	221	143.7	58.8	64.6
YP_536583.1	gnl|META|YLIC-MONOMER	8.3e-55	39.0	305	210.3	60.7	97.4
YP_536583.1	gnl|META|OPPB-MONOMER	2.9e-52	39.5	281	201.8	60.5	89.7
YP_536584.1	gnl|META|OPPA-MONOMER	6.4e-55	31.2	548	211.5	48.7	99.4
YP_536584.1	gnl|META|G6665-MONOMER	8.7e-52	30.3	509	201.1	49.3	92.6
YP_536585.1	gnl|META|CYCA-MONOMER	1.7e-83	38.8	441	306.2	62.8	94.4
YP_536585.1	gnl|META|PHEP-MONOMER	7.7e-81	39.6	442	297.4	60.4	94.8
YP_536585.1	gnl|META|AROP-MONOMER	5.7e-76	35.7	445	281.2	59.8	95.5
YP_536586.1	gnl|META|EG12099-MONOMER	1.8e-25	33.0	179	112.1	57.0	96.8
YP_536587.1	gnl|META|G6442-MONOMER	4.2e-47	38.1	257	184.5	58.8	96.6
YP_536587.1	gnl|META|G6425-MONOMER	2.7e-46	37.0	257	181.8	61.1	96.6
YP_536588.1	gnl|META|GPMA-MONOMER	4.6e-12	28.9	211	67.8	46.0	87.6
YP_536588.1	gnl|META|HS01277-MONOMER	7.9e-12	42.9	91	67.0	57.1	41.3
YP_536589.1	gnl|META|MONOMER-14503	1.0e-112	39.1	683	403.7	58.3	99.2
YP_536592.1	gnl|META|GLY3KIN-MONOMER	1.6e-97	49.9	369	352.4	68.0	97.1
YP_536592.1	gnl|META|GKI-MONOMER	4.8e-97	49.5	374	350.9	66.8	98.4
YP_536592.1	gnl|META|MONOMER-20837	1.1e-88	47.3	372	323.2	64.8	97.9
YP_536593.1	gnl|META|EG12235-MONOMER	1.9e-04	30.6	85	41.6	51.8	71.4
YP_536595.1	gnl|META|GLYCPDIESTER-PERI-MONOMER	5.8e-04	39.3	56	42.4	57.1	9.3
YP_536596.1	gnl|META|PD00219	4.7e-16	25.8	329	81.6	46.2	94.8
YP_536597.1	gnl|META|MONOMER-5946	1.4e-145	46.1	557	512.7	64.6	98.9
YP_536598.1	gnl|META|STM14_RS23765-MONOMER	7.1e-14	31.2	141	73.2	54.6	99.3
YP_536599.1	gnl|META|STM14_RS23780-MONOMER	4.1e-34	34.0	265	141.4	57.0	96.3
YP_536600.1	gnl|META|STM14_RS23775-MONOMER	2.5e-20	30.7	264	95.5	47.7	97.7
YP_536601.1	gnl|META|MANX-MONOMER	3.3e-23	30.8	159	104.4	54.7	98.8
YP_536602.1	gnl|META|MONOMER-17841	4.5e-33	30.8	263	137.9	51.3	97.8
YP_536602.1	gnl|META|HOMSUCTRAN-MONOMER	6.1e-30	30.7	261	127.5	51.0	96.6
YP_536603.1	gnl|META|AT4G14880-MONOMER	1.0e-81	52.3	308	299.7	70.1	99.3
YP_536603.1	gnl|META|MONOMER-18016	8.1e-79	49.5	303	290.0	67.3	98.7
YP_536603.1	gnl|META|AT3G59760-MONOMER	3.4e-77	48.9	307	284.6	69.1	99.0
YP_536603.1	gnl|META|AT2G43750-MONOMER	6.4e-76	49.8	307	280.4	68.1	99.0
YP_536603.1	gnl|META|ACSERLYA-MONOMER	8.4e-76	49.2	317	280.0	67.8	99.7
YP_536606.1	gnl|META|HS01875-MONOMER	5.4e-08	28.6	140	53.9	50.0	79.9
YP_536607.1	gnl|META|MONOMER-543	1.2e-58	39.6	293	223.0	60.4	93.9
YP_536607.1	gnl|META|THIOREDOXIN-REDUCT-NADPH-MONOMER	7.5e-56	37.4	313	213.8	59.1	97.4
YP_536609.1	gnl|META|ADENYLOSUCCINATE-SYN-MONOMER	2.4e-113	46.7	424	405.2	64.6	98.1
YP_536609.1	gnl|META|AT3G57610-MONOMER	7.3e-102	45.2	416	367.1	62.7	96.0
YP_536611.1	gnl|META|EG10236-MONOMER	1.8e-98	44.5	461	355.9	63.3	97.2
YP_536612.1	gnl|META|EG10870-MONOMER	5.8e-06	27.3	150	47.0	45.3	98.0
YP_536613.1	gnl|META|G1I0R-14-MONOMER	4.5e-138	39.8	649	488.0	63.6	95.9
YP_536616.1	gnl|META|G6530-MONOMER	2.3e-05	23.2	198	45.8	39.4	58.6
YP_536618.1	gnl|META|PD00232	1.3e-06	24.0	192	50.1	46.4	61.6
YP_536620.1	gnl|META|NUPC-MONOMER	2.0e-48	34.2	415	189.5	54.5	98.8
YP_536621.1	gnl|META|MONOMER-16600	2.9e-19	31.1	222	92.0	48.2	67.7
YP_536621.1	gnl|META|AT2G28800-MONOMER	1.5e-18	30.3	221	89.7	48.9	65.6
YP_536623.1	gnl|META|EG10892-MONOMER	5.9e-07	65.1	43	48.5	72.1	97.7
YP_536624.1	gnl|META|YER091C-MONOMER	5.6e-01	24.6	126	31.2	42.9	48.8
YP_536626.1	gnl|META|MONOMER-19495	2.3e-05	37.3	67	45.8	58.2	24.8
YP_536626.1	gnl|META|NIFHKLEB-MONOMER	8.9e-05	37.3	67	43.9	55.2	24.8
YP_536628.1	gnl|META|MONOMER-11818	5.2e-01	44.0	25	32.0	68.0	6.2
YP_536630.1	gnl|META|MONOMER-9982	2.5e-82	28.6	802	303.1	48.8	89.0
YP_536631.1	gnl|META|BSU33400-MONOMER	1.6e-73	49.1	281	272.3	64.4	99.6
YP_536633.1	gnl|META|MONOMER-2967	8.6e-83	43.6	367	303.5	61.9	97.9
YP_536635.1	gnl|META|MONOMER-15927	7.5e-01	34.0	47	31.2	48.9	13.6
YP_536636.1	gnl|META|ARAE-MONOMER	1.9e-09	24.0	404	60.1	43.8	86.6
YP_536636.1	gnl|META|AT5G16150-MONOMER	5.4e-09	23.4	394	58.5	44.7	84.5
YP_536637.1	gnl|META|RHAMNULOKIN-MONOMER	1.4e-93	41.3	467	339.7	59.1	94.8
YP_536638.1	gnl|META|EG11865-MONOMER	1.4e-25	44.8	105	111.7	68.6	97.2
YP_536639.1	gnl|META|RHAMNISOM-MONOMER	2.5e-131	51.8	415	464.9	69.9	98.6
YP_536640.1	gnl|META|RHAMNULPALDOL-MONOMER	1.5e-60	42.5	261	229.2	63.2	95.6
YP_536645.1	gnl|META|EG10458-MONOMER	2.1e-06	23.2	220	50.1	40.9	42.8
YP_536652.1	gnl|META|EG10924-MONOMER	3.2e-01	32.1	81	33.9	49.4	8.8
YP_536655.1	gnl|META|B1296-MONOMER	1.6e-14	24.0	454	77.0	44.1	93.8
YP_536655.1	gnl|META|ENSG00000103064-MONOMER	1.8e-13	25.7	393	73.6	45.0	82.3
YP_536656.1	gnl|META|MONOMER-12812	1.1e-117	60.0	365	419.5	74.5	99.2
YP_536656.1	gnl|META|MONOMER-12815	2.4e-117	60.6	360	418.3	76.7	97.5
YP_536657.1	gnl|META|HP0100-MONOMER	7.3e-17	30.6	193	84.0	47.7	71.0
YP_536659.1	gnl|META|G1I0R-1336-MONOMER	7.8e-20	25.7	276	94.0	47.5	95.7
YP_536660.1	gnl|META|EG12270-MONOMER	7.5e-19	35.0	140	89.7	55.7	95.8
YP_536666.1	gnl|META|MONOMER-2963	1.3e-12	28.0	232	69.7	47.8	94.8
YP_536666.1	gnl|META|MONOMER-14250	1.1e-11	28.8	170	66.6	50.6	71.4
YP_536670.1	gnl|META|AT1G01710-MONOMER	1.4e-01	30.0	50	33.1	56.0	21.4
YP_536670.1	gnl|META|ATOD-MONOMER	3.0e-01	32.8	64	32.0	46.9	27.4
YP_536671.1	gnl|META|MONOMER-19123	1.0e-01	30.6	49	32.0	59.2	63.6
YP_536673.1	gnl|META|G1G01-5484-MONOMER	5.0e-83	34.2	570	305.1	57.4	87.5
YP_536673.1	gnl|META|MONOMER-16632	1.9e-82	33.4	623	303.1	53.8	95.4
YP_536673.1	gnl|META|YHHO-MONOMER	1.8e-80	33.4	617	296.6	54.5	95.0
YP_536676.1	gnl|META|G18NG-12646-MONOMER	3.6e-02	29.5	88	35.8	46.6	21.3
YP_536678.1	gnl|META|PD00232	5.5e-16	24.3	255	81.3	47.8	83.6
YP_536680.1	gnl|META|MONOMER-690	6.4e-35	36.9	249	144.1	56.6	89.5
YP_536680.1	gnl|META|MONOMER-19686	1.9e-34	33.2	250	142.5	56.0	89.5
YP_536680.1	gnl|META|MONOMER-19892	4.2e-34	32.8	247	141.4	54.3	89.8
YP_536680.1	gnl|META|MONOMER-16689	9.3e-34	32.9	258	140.2	54.3	89.8
YP_536680.1	gnl|META|EG12133-MONOMER	6.0e-33	33.5	251	137.5	53.4	88.7
YP_536680.1	gnl|META|GLUCONREDUCT-MONOMER	1.1e-31	29.5	251	133.3	52.2	91.3
YP_536680.1	gnl|META|MONOMER-19219	1.5e-31	31.9	254	132.9	55.5	89.1
YP_536680.1	gnl|META|MONOMER-17953	1.5e-31	28.7	251	132.9	53.0	90.9
YP_536681.1	gnl|META|MONOMER-17916	7.3e-49	28.2	567	191.4	47.4	97.5
YP_536682.1	gnl|META|EG11234-MONOMER	1.4e-77	49.5	277	285.8	69.7	95.2
YP_536683.1	gnl|META|AROD-MONOMER	2.9e-50	42.4	250	194.9	61.6	98.8
YP_536683.1	gnl|META|MONOMER-33	2.5e-49	40.4	245	191.8	62.0	97.2
YP_536688.1	gnl|META|MONOMER-15681	2.5e-59	36.4	330	225.3	55.8	100.0
YP_536690.1	gnl|META|NARL-MONOMER	1.6e-19	28.6	199	92.4	51.3	94.0
YP_536693.1	gnl|META|YBHF-MONOMER	1.8e-27	31.4	223	119.4	55.6	73.2
YP_536693.1	gnl|META|BSU02750-MONOMER	3.7e-25	31.5	235	111.7	55.7	74.6
YP_536694.1	gnl|META|RIB5PISOMA-MONOMER	7.2e-40	42.0	226	160.2	62.4	98.7
YP_536695.1	gnl|META|RIBULP3EPIM-MONOMER	1.4e-45	45.7	199	179.1	64.3	92.1
YP_536709.1	gnl|META|SYNPCC7942_0260-MONOMER	1.9e-108	38.0	626	389.4	56.1	90.1
YP_536709.1	gnl|META|EG10156-MONOMER	3.4e-97	38.0	571	352.1	58.8	90.6
YP_536712.1	gnl|META|EG11014-MONOMER	1.5e-14	25.6	355	77.8	43.9	44.5
YP_536718.1	gnl|META|G6701-MONOMER	4.0e-01	31.7	60	33.1	56.7	8.6
YP_536737.1	gnl|META|G18NG-12136-MONOMER	1.0e-01	26.9	93	32.3	43.0	89.4
YP_536742.1	gnl|META|GLUCOKIN-MONOMER	7.2e-01	37.2	43	28.9	60.5	65.2
YP_536744.1	gnl|META|RED-THIOREDOXIN2-MONOMER	5.4e-05	28.9	76	43.9	51.3	46.3
YP_536761.1	gnl|META|G3O-32977-MONOMER	3.8e-01	29.2	106	32.0	44.3	34.2
YP_536762.1	gnl|META|MONOMER-12104	1.5e-63	43.2	241	239.2	67.2	86.3
YP_536763.1	gnl|META|PYRUVFORMLY-MONOMER	4.2e-262	58.7	760	900.2	74.6	98.9
YP_536763.1	gnl|META|KETOBUTFORMLY-INACT-MONOMER	2.3e-252	57.2	747	867.8	73.9	97.7
YP_536763.1	gnl|META|MONOMER-12106	6.5e-247	56.8	740	849.7	74.2	98.0
YP_536763.1	gnl|META|MONOMER-17779	2.3e-244	55.7	731	841.3	72.9	96.4
YP_536766.1	gnl|META|ENSG00000171262-MONOMER	1.6e-01	25.2	111	33.9	47.7	23.3
YP_536768.1	gnl|META|G6906-MONOMER	2.0e-109	46.8	404	392.1	68.1	98.5
YP_536770.1	gnl|META|YHBG-MONOMER	5.7e-17	27.4	230	84.3	49.6	88.8
YP_536771.1	gnl|META|G6665-MONOMER	2.6e-48	28.5	522	189.5	47.3	94.5
YP_536771.1	gnl|META|OPPA-MONOMER	9.4e-46	27.5	506	181.0	47.8	91.0
YP_536776.1	gnl|META|MONOMER-8683	5.1e-79	42.7	330	290.8	64.8	99.4
YP_536776.1	gnl|META|G12WB-500-MONOMER	4.8e-77	41.0	332	284.3	65.1	99.7
YP_536777.1	gnl|META|G6428-MONOMER	1.6e-28	32.7	223	122.5	52.9	98.7
YP_536777.1	gnl|META|EG11905-MONOMER	8.2e-28	29.6	223	120.2	52.9	98.7
YP_536778.1	gnl|META|GUTB-MONOMER	2.2e-14	35.6	101	74.7	55.4	80.2
YP_536779.1	gnl|META|GUTA-MONOMER	6.7e-82	51.3	318	300.4	66.4	93.0
YP_536780.1	gnl|META|G8210-MONOMER	4.5e-45	46.9	179	177.2	69.3	99.4
YP_536783.1	gnl|META|MONOMER-13092	1.2e-94	67.0	264	342.4	81.4	98.9
YP_536789.1	gnl|META|MONOMER-19304	5.1e-70	47.8	297	260.8	66.3	98.0
YP_536789.1	gnl|META|MONOMER-17582	5.1e-70	49.5	299	260.8	64.9	98.7
YP_536790.1	gnl|META|MONOMER-15847	1.5e-210	44.7	865	729.2	66.0	97.3
YP_536790.1	gnl|META|ADHE-MONOMER	6.3e-209	45.4	875	723.8	64.6	98.2
YP_536790.1	gnl|META|GIO2-535-MONOMER	4.1e-200	44.5	878	694.5	61.3	98.8
YP_536797.1	gnl|META|EG10613-MONOMER	1.5e-43	24.0	554	174.1	49.3	75.7
YP_536799.1	gnl|META|MONOMER-18320	3.4e-01	28.8	59	32.0	54.2	22.3
YP_536814.1	gnl|META|BSU13580-MONOMER	2.3e-139	60.5	392	491.5	75.3	99.7
YP_536815.1	gnl|META|BSU13570-MONOMER	1.6e-72	48.5	260	268.9	69.6	99.6
YP_536817.1	gnl|META|B0752-MONOMER	6.7e-01	38.7	31	29.6	64.5	29.8
YP_536818.1	gnl|META|MONOMER-8569	8.4e-33	44.3	183	137.1	61.7	61.8
YP_536818.1	gnl|META|LSERINEDEAM3-MONOMER	1.5e-29	35.2	273	126.3	51.6	87.4
YP_536819.1	gnl|META|LSERINEDEAM2-MONOMER	2.7e-07	31.1	151	52.0	43.7	58.2
YP_536820.1	gnl|META|UIDB-MONOMER	3.7e-38	27.5	447	155.6	49.9	93.3
YP_536821.1	gnl|META|BSU10850-MONOMER	9.3e-21	31.3	268	97.4	47.0	70.1
YP_536821.1	gnl|META|MONOMER-16296	4.3e-18	26.5	253	88.6	47.0	66.8
YP_536823.1	gnl|META|HS04463-MONOMER	3.2e-33	48.6	140	137.5	67.9	96.6
YP_536823.1	gnl|META|ENSG00000011052-MONOMER	6.0e-32	48.5	134	133.3	67.2	92.4
YP_536823.1	gnl|META|YKL067W-MONOMER	2.5e-30	47.8	134	127.9	67.9	92.4
YP_536824.1	gnl|META|MONOMER-6111	9.7e-26	26.3	300	113.6	48.7	95.5
YP_536825.1	gnl|META|MONOMER-18990	2.8e-105	63.2	288	377.9	80.6	99.3
YP_536826.1	gnl|META|MONOMER-18988	5.5e-56	49.6	224	213.8	67.9	97.8
YP_536827.1	gnl|META|MONOMER-20591	1.2e-09	29.3	150	60.1	49.3	53.6
YP_536827.1	gnl|META|MONOMER-19906	7.9e-09	29.2	113	57.4	53.1	40.1
YP_536828.1	gnl|META|MONOMER-18156	2.7e-01	28.6	105	32.0	47.6	45.9
YP_536829.1	gnl|META|XASA-MONOMER	6.0e-15	23.9	498	78.6	42.2	99.2
YP_536831.1	gnl|META|EG10913-MONOMER	1.2e-11	43.6	101	65.1	57.4	100.0
YP_536832.1	gnl|META|EG10529-MONOMER	1.0e-11	33.1	130	68.2	53.1	19.6
YP_536833.1	gnl|META|TRANSKETOI-MONOMER	5.7e-170	46.7	658	594.0	64.4	98.3
YP_536833.1	gnl|META|TRANSKETOII-MONOMER	6.3e-169	47.0	655	590.5	65.2	97.9
YP_536834.1	gnl|META|EG11905-MONOMER	4.6e-36	36.5	211	147.5	60.2	96.3
YP_536835.1	gnl|META|RIBULP3EPIM-MONOMER	4.8e-46	46.2	199	180.6	64.8	92.1
YP_536836.1	gnl|META|MONOMER-18129	2.1e-46	42.6	242	182.2	65.3	87.0
YP_536837.1	gnl|META|MANY-MONOMER	3.6e-16	24.8	242	81.6	43.4	95.3
YP_536837.1	gnl|META|MONOMER-18128	4.7e-16	26.8	235	81.3	45.5	92.1
YP_536837.1	gnl|META|STM14_RS23775-MONOMER	2.6e-14	26.9	253	75.5	42.3	97.6
YP_536838.1	gnl|META|MONOMER-18127	2.3e-21	31.6	158	98.2	51.9	100.0
YP_536838.1	gnl|META|MANX-MONOMER	5.7e-20	33.5	155	93.6	52.9	98.1
YP_536839.1	gnl|META|MONOMER-18274	7.3e-09	27.9	147	56.6	48.3	95.3
YP_536839.1	gnl|META|MANX-MONOMER	1.2e-08	25.5	145	55.8	49.0	98.0
YP_536840.1	gnl|META|MONOMER-19970	1.5e-47	34.2	354	186.4	52.5	98.6
YP_536840.1	gnl|META|MONOMER-19986	1.9e-47	34.6	353	186.0	52.4	98.3
YP_536840.1	gnl|META|MONOMER-20026	5.2e-45	32.9	340	177.9	54.7	93.6
YP_536842.1	gnl|META|MONOMER-13056	1.1e-260	54.5	811	895.6	70.7	99.2
